#
# A fatal error has been detected by the Java Runtime Environment:
#
#  SIGSEGV (0xb) at pc=0x00007e718887f2f9, pid=13256, tid=13257
#
# JRE version: OpenJDK Runtime Environment (11.0.29+7) (build 11.0.29+7-post-Ubuntu-1ubuntu124.04)
# Java VM: OpenJDK 64-Bit Server VM (11.0.29+7-post-Ubuntu-1ubuntu124.04, mixed mode, sharing, tiered, compressed oops, g1 gc, linux-amd64)
# Problematic frame:
# V  [libjvm.so+0xa782f9]  LinkResolver::resolve_invokevirtual(CallInfo&, Handle, constantPoolHandle const&, int, Thread*)+0xe9
#
# Core dump will be written. Default location: Core dumps may be processed with "/usr/share/apport/apport -p%p -s%s -c%c -d%d -P%P -u%u -g%g -F%F -- %E" (or dumping to /workspaces/msxx/servidor_minecraft/core.13256)
#
# If you would like to submit a bug report, please visit:
#   https://bugs.launchpad.net/ubuntu/+source/openjdk-lts
#

---------------  S U M M A R Y ------------

Command Line: mohist.jar --installServer

Host: AMD EPYC 7763 64-Core Processor, 4 cores, 15G, Ubuntu 24.04.3 LTS
Time: Mon Jan  5 04:23:07 2026 UTC elapsed time: 11.623514 seconds (0d 0h 0m 11s)

---------------  T H R E A D  ---------------

Current thread (0x00007e7180015000):  JavaThread "main" [_thread_in_vm, id=13257, stack(0x00007e7187972000,0x00007e7187a72000)]

Stack: [0x00007e7187972000,0x00007e7187a72000],  sp=0x00007e7187a6ee90,  free space=1011k
Native frames: (J=compiled Java code, A=aot compiled Java code, j=interpreted, Vv=VM code, C=native code)
V  [libjvm.so+0xa782f9]  LinkResolver::resolve_invokevirtual(CallInfo&, Handle, constantPoolHandle const&, int, Thread*)+0xe9
V  [libjvm.so+0x873738]  InterpreterRuntime::resolve_invoke(JavaThread*, Bytecodes::Code)+0x188
V  [libjvm.so+0x8743e1]  InterpreterRuntime::resolve_from_cache(JavaThread*, Bytecodes::Code)+0x41
j  org.jline.terminal.impl.jansi.JansiNativePty.ttyname()Ljava/lang/String;+65
j  org.jline.terminal.impl.jansi.linux.LinuxNativePty.current()Lorg/jline/terminal/impl/jansi/linux/LinuxNativePty;+0
j  org.jline.terminal.impl.jansi.JansiSupportImpl.current()Lorg/jline/terminal/spi/Pty;+24
j  org.jline.terminal.TerminalBuilder.doBuild()Lorg/jline/terminal/Terminal;+650
j  org.jline.terminal.TerminalBuilder.build()Lorg/jline/terminal/Terminal;+1
j  net.minecrell.terminalconsole.TerminalConsoleAppender.initializeTerminal()V+56
j  net.minecrell.terminalconsole.TerminalConsoleAppender.<init>(Ljava/lang/String;Lorg/apache/logging/log4j/core/Filter;Lorg/apache/logging/log4j/core/Layout;Z)V+9
j  net.minecrell.terminalconsole.TerminalConsoleAppender.createAppender(Ljava/lang/String;Lorg/apache/logging/log4j/core/Filter;Lorg/apache/logging/log4j/core/Layout;Z)Lnet/minecrell/terminalconsole/TerminalConsoleAppender;+16
v  ~StubRoutines::call_stub
V  [libjvm.so+0x87a9b3]  JavaCalls::call_helper(JavaValue*, methodHandle const&, JavaCallArguments*, Thread*)+0x373
V  [libjvm.so+0xca50d2]  invoke(InstanceKlass*, methodHandle const&, Handle, bool, objArrayHandle, BasicType, objArrayHandle, bool, Thread*) [clone .isra.0]+0x732
V  [libjvm.so+0xca5da8]  Reflection::invoke_method(oopDesc*, Handle, objArrayHandle, Thread*)+0x148
V  [libjvm.so+0x93d391]  JVM_InvokeMethod+0x221
j  jdk.internal.reflect.NativeMethodAccessorImpl.invoke0(Ljava/lang/reflect/Method;Ljava/lang/Object;[Ljava/lang/Object;)Ljava/lang/Object;+0 java.base@11.0.29
j  jdk.internal.reflect.NativeMethodAccessorImpl.invoke(Ljava/lang/Object;[Ljava/lang/Object;)Ljava/lang/Object;+100 java.base@11.0.29
j  jdk.internal.reflect.DelegatingMethodAccessorImpl.invoke(Ljava/lang/Object;[Ljava/lang/Object;)Ljava/lang/Object;+6 java.base@11.0.29
j  java.lang.reflect.Method.invoke(Ljava/lang/Object;[Ljava/lang/Object;)Ljava/lang/Object;+59 java.base@11.0.29
j  org.apache.logging.log4j.core.config.plugins.util.PluginBuilder.build()Ljava/lang/Object;+144
j  org.apache.logging.log4j.core.config.AbstractConfiguration.createPluginObject(Lorg/apache/logging/log4j/core/config/plugins/util/PluginType;Lorg/apache/logging/log4j/core/config/Node;Lorg/apache/logging/log4j/core/LogEvent;)Ljava/lang/Object;+99
j  org.apache.logging.log4j.core.config.AbstractConfiguration.createConfiguration(Lorg/apache/logging/log4j/core/config/Node;Lorg/apache/logging/log4j/core/LogEvent;)V+107
j  org.apache.logging.log4j.core.config.AbstractConfiguration.createConfiguration(Lorg/apache/logging/log4j/core/config/Node;Lorg/apache/logging/log4j/core/LogEvent;)V+67
j  org.apache.logging.log4j.core.config.AbstractConfiguration.doConfigure()V+255
j  org.apache.logging.log4j.core.config.AbstractConfiguration.initialize()V+229
j  org.apache.logging.log4j.core.config.AbstractConfiguration.start()V+14
j  org.apache.logging.log4j.core.LoggerContext.setConfiguration(Lorg/apache/logging/log4j/core/config/Configuration;)Lorg/apache/logging/log4j/core/config/Configuration;+115
j  org.apache.logging.log4j.core.LoggerContext.reconfigure(Ljava/net/URI;)V+89
j  org.apache.logging.log4j.core.LoggerContext.reconfigure()V+5
j  org.apache.logging.log4j.core.LoggerContext.start()V+77
j  org.apache.logging.log4j.core.impl.Log4jContextFactory.getContext(Ljava/lang/String;Ljava/lang/ClassLoader;Ljava/lang/Object;Z)Lorg/apache/logging/log4j/core/LoggerContext;+46
j  org.apache.logging.log4j.core.impl.Log4jContextFactory.getContext(Ljava/lang/String;Ljava/lang/ClassLoader;Ljava/lang/Object;Z)Lorg/apache/logging/log4j/spi/LoggerContext;+6
j  org.apache.logging.log4j.LogManager.getContext(Ljava/lang/ClassLoader;Z)Lorg/apache/logging/log4j/spi/LoggerContext;+9
j  org.apache.logging.log4j.LogManager.getLogger(Ljava/lang/Class;)Lorg/apache/logging/log4j/Logger;+10
j  org.apache.logging.log4j.LogManager.getLogger()Lorg/apache/logging/log4j/Logger;+4
j  net.minecraftforge.eventbus.EventBus.<clinit>()V+0
v  ~StubRoutines::call_stub
V  [libjvm.so+0x87a9b3]  JavaCalls::call_helper(JavaValue*, methodHandle const&, JavaCallArguments*, Thread*)+0x373
V  [libjvm.so+0x854691]  InstanceKlass::call_class_initializer(Thread*)+0x241
V  [libjvm.so+0x854c04]  InstanceKlass::initialize_impl(Thread*)+0x524
V  [libjvm.so+0x93f1c8]  JVM_FindClassFromCaller+0x1b8
C  [libjava.so+0xfdba]  Java_java_lang_Class_forName0+0xca
j  java.lang.Class.forName0(Ljava/lang/String;ZLjava/lang/ClassLoader;Ljava/lang/Class;)Ljava/lang/Class;+0 java.base@11.0.29
j  java.lang.Class.forName(Ljava/lang/String;)Ljava/lang/Class;+11 java.base@11.0.29
j  com.mohistmc.MohistMCStart.main()V+173
j  net.minecraftforge.server.ServerMain.main([Ljava/lang/String;)V+135
v  ~StubRoutines::call_stub
V  [libjvm.so+0x87a9b3]  JavaCalls::call_helper(JavaValue*, methodHandle const&, JavaCallArguments*, Thread*)+0x373
V  [libjvm.so+0x8ff9fc]  jni_invoke_static(JNIEnv_*, JavaValue*, _jobject*, JNICallType, _jmethodID*, JNI_ArgumentPusher*, Thread*) [clone .constprop.1]+0x31c
V  [libjvm.so+0x902dd2]  jni_CallStaticVoidMethod+0x162
C  [libjli.so+0x5a3e]  JavaMain+0xd7e
C  [libjli.so+0x9a8d]  ThreadJavaMain+0xd
C  [libc.so.6+0x9caa4]

Java frames: (J=compiled Java code, j=interpreted, Vv=VM code)
j  org.jline.terminal.impl.jansi.JansiNativePty.ttyname()Ljava/lang/String;+65
j  org.jline.terminal.impl.jansi.linux.LinuxNativePty.current()Lorg/jline/terminal/impl/jansi/linux/LinuxNativePty;+0
j  org.jline.terminal.impl.jansi.JansiSupportImpl.current()Lorg/jline/terminal/spi/Pty;+24
j  org.jline.terminal.TerminalBuilder.doBuild()Lorg/jline/terminal/Terminal;+650
j  org.jline.terminal.TerminalBuilder.build()Lorg/jline/terminal/Terminal;+1
j  net.minecrell.terminalconsole.TerminalConsoleAppender.initializeTerminal()V+56
j  net.minecrell.terminalconsole.TerminalConsoleAppender.<init>(Ljava/lang/String;Lorg/apache/logging/log4j/core/Filter;Lorg/apache/logging/log4j/core/Layout;Z)V+9
j  net.minecrell.terminalconsole.TerminalConsoleAppender.createAppender(Ljava/lang/String;Lorg/apache/logging/log4j/core/Filter;Lorg/apache/logging/log4j/core/Layout;Z)Lnet/minecrell/terminalconsole/TerminalConsoleAppender;+16
v  ~StubRoutines::call_stub
j  jdk.internal.reflect.NativeMethodAccessorImpl.invoke0(Ljava/lang/reflect/Method;Ljava/lang/Object;[Ljava/lang/Object;)Ljava/lang/Object;+0 java.base@11.0.29
j  jdk.internal.reflect.NativeMethodAccessorImpl.invoke(Ljava/lang/Object;[Ljava/lang/Object;)Ljava/lang/Object;+100 java.base@11.0.29
j  jdk.internal.reflect.DelegatingMethodAccessorImpl.invoke(Ljava/lang/Object;[Ljava/lang/Object;)Ljava/lang/Object;+6 java.base@11.0.29
j  java.lang.reflect.Method.invoke(Ljava/lang/Object;[Ljava/lang/Object;)Ljava/lang/Object;+59 java.base@11.0.29
j  org.apache.logging.log4j.core.config.plugins.util.PluginBuilder.build()Ljava/lang/Object;+144
j  org.apache.logging.log4j.core.config.AbstractConfiguration.createPluginObject(Lorg/apache/logging/log4j/core/config/plugins/util/PluginType;Lorg/apache/logging/log4j/core/config/Node;Lorg/apache/logging/log4j/core/LogEvent;)Ljava/lang/Object;+99
j  org.apache.logging.log4j.core.config.AbstractConfiguration.createConfiguration(Lorg/apache/logging/log4j/core/config/Node;Lorg/apache/logging/log4j/core/LogEvent;)V+107
j  org.apache.logging.log4j.core.config.AbstractConfiguration.createConfiguration(Lorg/apache/logging/log4j/core/config/Node;Lorg/apache/logging/log4j/core/LogEvent;)V+67
j  org.apache.logging.log4j.core.config.AbstractConfiguration.doConfigure()V+255
j  org.apache.logging.log4j.core.config.AbstractConfiguration.initialize()V+229
j  org.apache.logging.log4j.core.config.AbstractConfiguration.start()V+14
j  org.apache.logging.log4j.core.LoggerContext.setConfiguration(Lorg/apache/logging/log4j/core/config/Configuration;)Lorg/apache/logging/log4j/core/config/Configuration;+115
j  org.apache.logging.log4j.core.LoggerContext.reconfigure(Ljava/net/URI;)V+89
j  org.apache.logging.log4j.core.LoggerContext.reconfigure()V+5
j  org.apache.logging.log4j.core.LoggerContext.start()V+77
j  org.apache.logging.log4j.core.impl.Log4jContextFactory.getContext(Ljava/lang/String;Ljava/lang/ClassLoader;Ljava/lang/Object;Z)Lorg/apache/logging/log4j/core/LoggerContext;+46
j  org.apache.logging.log4j.core.impl.Log4jContextFactory.getContext(Ljava/lang/String;Ljava/lang/ClassLoader;Ljava/lang/Object;Z)Lorg/apache/logging/log4j/spi/LoggerContext;+6
j  org.apache.logging.log4j.LogManager.getContext(Ljava/lang/ClassLoader;Z)Lorg/apache/logging/log4j/spi/LoggerContext;+9
j  org.apache.logging.log4j.LogManager.getLogger(Ljava/lang/Class;)Lorg/apache/logging/log4j/Logger;+10
j  org.apache.logging.log4j.LogManager.getLogger()Lorg/apache/logging/log4j/Logger;+4
j  net.minecraftforge.eventbus.EventBus.<clinit>()V+0
v  ~StubRoutines::call_stub
j  java.lang.Class.forName0(Ljava/lang/String;ZLjava/lang/ClassLoader;Ljava/lang/Class;)Ljava/lang/Class;+0 java.base@11.0.29
j  java.lang.Class.forName(Ljava/lang/String;)Ljava/lang/Class;+11 java.base@11.0.29
j  com.mohistmc.MohistMCStart.main()V+173
j  net.minecraftforge.server.ServerMain.main([Ljava/lang/String;)V+135
v  ~StubRoutines::call_stub

siginfo: si_signo: 11 (SIGSEGV), si_code: 128 (SI_KERNEL), si_addr: 0x0000000000000000

Register to memory mapping:

RAX=0x7374702f7665642f is an unknown value
RBX=0x00007e7187a6eea0 is pointing into the stack for thread: 0x00007e7180015000
RCX=0x0000000000000005 is an unknown value
RDX=0x00007e71890aabac: <offset 0x00000000012a3bac> in /usr/lib/jvm/java-11-openjdk-amd64/lib/server/libjvm.so at 0x00007e7187e07000
RSP=0x00007e7187a6ee90 is pointing into the stack for thread: 0x00007e7180015000
RBP=0x00007e7187a6ef20 is pointing into the stack for thread: 0x00007e7180015000
RSI=0x00007e7187a6eea0 is pointing into the stack for thread: 0x00007e7180015000
RDI=0x00007e7187a6eea0 is pointing into the stack for thread: 0x00007e7180015000
R8 =0x00007e7187a6eea0 is pointing into the stack for thread: 0x00007e7180015000
R9 =0x00007e7180015000 is a thread
R10=0x00007e7180015be0 points into unknown readable memory: 0x7374702f7665642f | 2f 64 65 76 2f 70 74 73
R11=0x00007e7180015bf0 points into unknown readable memory: 0x00000007114ae148 | 48 e1 4a 11 07 00 00 00
R12=0x00007e7180015be0 points into unknown readable memory: 0x7374702f7665642f | 2f 64 65 76 2f 70 74 73
R13=0x00007e7180015000 is a thread
R14=0x00007e7187a6eed0 is pointing into the stack for thread: 0x00007e7180015000
R15=0x00007e7187a6ef70 is pointing into the stack for thread: 0x00007e7180015000


Registers:
RAX=0x7374702f7665642f, RBX=0x00007e7187a6eea0, RCX=0x0000000000000005, RDX=0x00007e71890aabac
RSP=0x00007e7187a6ee90, RBP=0x00007e7187a6ef20, RSI=0x00007e7187a6eea0, RDI=0x00007e7187a6eea0
R8 =0x00007e7187a6eea0, R9 =0x00007e7180015000, R10=0x00007e7180015be0, R11=0x00007e7180015bf0
R12=0x00007e7180015be0, R13=0x00007e7180015000, R14=0x00007e7187a6eed0, R15=0x00007e7187a6ef70
RIP=0x00007e718887f2f9, EFLAGS=0x0000000000010202, CSGSFS=0x002b000000000033, ERR=0x0000000000000000
  TRAPNO=0x000000000000000d

Top of Stack: (sp=0x00007e7187a6ee90)
0x00007e7187a6ee90:   00007e7187a6efe0 00007e7180015be0
0x00007e7187a6eea0:   0000000000000000 0000000000000000
0x00007e7187a6eeb0:   00000008003d6928 00000008003d3c88
0x00007e7187a6eec0:   0000000800332ef8 00000008402079f0 

Instructions: (pc=0x00007e718887f2f9)
0x00007e718887f1f9:   31 c9 4c 89 ee e8 ed fa ff ff 58 5a e9 67 ff ff
0x00007e718887f209:   ff 66 0f 1f 44 00 00 f3 0f 1e fa 55 66 0f ef c0
0x00007e718887f219:   48 89 e5 41 57 49 89 d7 41 56 4c 8d 75 b0 41 55
0x00007e718887f229:   4d 89 c5 41 54 49 89 f4 53 89 cb 48 83 ec 68 48
0x00007e718887f239:   89 bd 70 ff ff ff 48 8b 3a 4c 89 c2 48 89 b5 78
0x00007e718887f249:   ff ff ff 89 ce c6 45 c1 00 0f 29 45 b0 e8 75 d3
0x00007e718887f259:   bf ff 49 83 7d 08 00 48 89 45 a0 74 1a 4c 89 f7
0x00007e718887f269:   e8 42 f2 d8 ff 48 8d 65 d8 5b 41 5c 41 5d 41 5e
0x00007e718887f279:   41 5f 5d c3 0f 1f 00 49 8b 3f 31 d2 89 de e8 24
0x00007e718887f289:   9d bf ff 49 8b 3f 31 d2 89 de 48 89 45 90 e8 a4
0x00007e718887f299:   9d bf ff 49 8b 3f 31 d2 89 de 48 89 45 98 48 8d
0x00007e718887f2a9:   5d 80 e8 a0 9e bf ff 66 0f ef c9 48 89 de 4c 89
0x00007e718887f2b9:   f7 88 45 c1 49 8b 07 48 8b 40 18 0f 29 4d 80 48
0x00007e718887f2c9:   89 45 a8 e8 5f f7 d8 ff 48 89 df e8 d7 f1 d8 ff
0x00007e718887f2d9:   49 83 7d 08 00 c6 45 c0 01 75 82 4d 85 e4 74 2b
0x00007e718887f2e9:   48 8d 15 bc b8 82 00 49 8b 04 24 80 3a 00 74 77
0x00007e718887f2f9:   44 8b 78 08 48 8d 05 4c e6 7f 00 8b 48 08 49 d3
0x00007e718887f309:   e7 4c 03 38 4c 89 bd 78 ff ff ff 48 8d 75 90 4c
0x00007e718887f319:   89 ea 48 89 df e8 dd f3 ff ff 49 83 7d 08 00 74
0x00007e718887f329:   16 48 89 df e8 7e f1 d8 ff e9 2f ff ff ff 66 0f
0x00007e718887f339:   1f 84 00 00 00 00 00 48 83 ec 08 41 b9 01 00 00
0x00007e718887f349:   00 4c 89 e1 48 89 de 41 55 48 8b 55 a0 4c 8b 85
0x00007e718887f359:   78 ff ff ff 48 8b bd 70 ff ff ff e8 87 f9 ff ff
0x00007e718887f369:   58 5a eb bd 0f 1f 00 48 8b 40 08 48 89 85 78 ff
0x00007e718887f379:   ff ff eb 97 90 66 90 f3 0f 1e fa 55 49 89 d2 48
0x00007e718887f389:   89 e5 41 57 45 89 cf 41 56 41 55 49 89 f5 41 54
0x00007e718887f399:   49 89 fc 53 4c 89 c3 48 81 ec 18 01 00 00 4c 8b
0x00007e718887f3a9:   75 10 45 84 c9 74 09 48 85 c9 0f 84 3f 03 00 00
0x00007e718887f3b9:   41 8b 52 10 4c 3b 14 13 0f 84 fa 00 00 00 83 fa
0x00007e718887f3c9:   20 0f 84 d0 00 00 00 4d 8b be 78 02 00 00 4c 89
0x00007e718887f3d9:   d7 f3 41 0f 6f 4f 10 49 8b 47 28 4d 8b 6f 20 66
0x00007e718887f3e9:   49 0f 7e cc 0f 29 8d e0 fe ff ff 48 89 85 c0 fe 


Stack slot to memory mapping:
stack at sp + 0 slots: 0x00007e7187a6efe0 is pointing into the stack for thread: 0x00007e7180015000
stack at sp + 1 slots: 0x00007e7180015be0 points into unknown readable memory: 0x7374702f7665642f | 2f 64 65 76 2f 70 74 73
stack at sp + 2 slots: 0x0 is NULL
stack at sp + 3 slots: 0x0 is NULL
stack at sp + 4 slots: 0x00000008003d6928 is pointing into metadata
stack at sp + 5 slots: 0x00000008003d3c88 is pointing into metadata
stack at sp + 6 slots: 0x0000000800332ef8 is pointing into metadata
stack at sp + 7 slots: 0x00000008402079f0 is a pointer to class: 
org.jline.terminal.impl.jansi.JansiNativePty {0x00000008402079f0}
 - instance size:     6
 - klass size:        104
 - access:            public synchronized abstract 
 - state:             fully_initialized
 - name:              'org/jline/terminal/impl/jansi/JansiNativePty'
 - super:             'org/jline/terminal/impl/AbstractPty'
 - sub:               'org/jline/terminal/impl/jansi/linux/LinuxNativePty'   
 - arrays:            NULL
 - methods:           Array<T>(0x00007e715448ee00)
 - method ordering:   Array<T>(0x0000000800a2b888)
 - default_methods:   Array<T>(0x0000000000000000)
 - local interfaces:  Array<T>(0x00007e715448ed88)
 - trans. interfaces: Array<T>(0x00007e71544a0178)
 - constants:         constant pool [274] {0x00007e715448e3e0} for 'org/jline/terminal/impl/jansi/JansiNativePty' cache=0x00007e71544a0198
 - class loader data:  loader data: 0x00007e7180208510 for instance a 'jdk/internal/loader/ClassLoaders$AppClassLoader'{0x00000007061bb6d8}
 - host class:        NULL
 - source file:       'JansiNativePty.java'
 - class annotations:       Array<T>(0x0000000000000000)
 - class type annotations:  Array<T>(0x0000000000000000)
 - field annotations:       Array<T>(0x0000000000000000)
 - field type annotations:  Array<T>(0x0000000000000000)
 - inner classes:     Array<T>(0x00007e71544a0158)
 - nest members:     Array<T>(0x0000000800526280)
 - java mirror:       a 'java/lang/Class'{0x000000071137b478} = 'org/jline/terminal/impl/jansi/JansiNativePty'
 - vtable length      26  (start addr: 0x0000000840207bc0)
 - itable length      18 (start addr: 0x0000000840207c90)
 - ---- static fields (0 words):
 - ---- non-static fields (8 words):
 - private 'current' 'Lorg/jline/terminal/Attributes;' @12 
 - private final 'master' 'I' @16 
 - private final 'slave' 'I' @20 
 - private final 'slaveOut' 'I' @24 
 - private final 'name' 'Ljava/lang/String;' @28 
 - private final 'masterFD' 'Ljava/io/FileDescriptor;' @32 
 - private final 'slaveFD' 'Ljava/io/FileDescriptor;' @36 
 - private final 'slaveOutFD' 'Ljava/io/FileDescriptor;' @40 
 - non-static oop maps: 12-12 28-40 


---------------  P R O C E S S  ---------------

Threads class SMR info:
_java_thread_list=0x00007e718084d210, length=11, elements={
0x00007e7180015000, 0x00007e7180224800, 0x00007e7180226800, 0x00007e718022f000,
0x00007e7180231000, 0x00007e7180233000, 0x00007e7180235000, 0x00007e7180237000,
0x00007e718028a000, 0x00007e7180240000, 0x00007e718084c000
}

Java Threads: ( => current thread )
=>0x00007e7180015000 JavaThread "main" [_thread_in_vm, id=13257, stack(0x00007e7187972000,0x00007e7187a72000)]
  0x00007e7180224800 JavaThread "Reference Handler" daemon [_thread_blocked, id=13266, stack(0x00007e7184723000,0x00007e7184823000)]
  0x00007e7180226800 JavaThread "Finalizer" daemon [_thread_blocked, id=13267, stack(0x00007e7184623000,0x00007e7184723000)]
  0x00007e718022f000 JavaThread "Signal Dispatcher" daemon [_thread_blocked, id=13268, stack(0x00007e71841df000,0x00007e71842df000)]
  0x00007e7180231000 JavaThread "Service Thread" daemon [_thread_blocked, id=13269, stack(0x00007e71840df000,0x00007e71841df000)]
  0x00007e7180233000 JavaThread "C2 CompilerThread0" daemon [_thread_blocked, id=13270, stack(0x00007e71776af000,0x00007e71777af000)]
  0x00007e7180235000 JavaThread "C1 CompilerThread0" daemon [_thread_blocked, id=13271, stack(0x00007e7168500000,0x00007e7168600000)]
  0x00007e7180237000 JavaThread "Sweeper thread" daemon [_thread_blocked, id=13272, stack(0x00007e7168400000,0x00007e7168500000)]
  0x00007e718028a000 JavaThread "Common-Cleaner" daemon [_thread_blocked, id=13274, stack(0x00007e71681ff000,0x00007e71682ff000)]
  0x00007e7180240000 JavaThread "Thread-24" [_thread_blocked, id=13387, stack(0x00007e71553a9000,0x00007e71554a9000)]
  0x00007e718084c000 JavaThread "process reaper" daemon [_thread_blocked, id=13454, stack(0x00007e718405e000,0x00007e7184080000)]

Other Threads:
  0x00007e7180222000 VMThread "VM Thread" [stack: 0x00007e7184824000,0x00007e7184924000] [id=13265]
  0x00007e7180288000 WatcherThread [stack: 0x00007e7168300000,0x00007e7168400000] [id=13273]
  0x00007e718002e000 GCTaskThread "GC Thread#0" [stack: 0x00007e718762f000,0x00007e718772f000] [id=13260]
  0x00007e7148001000 GCTaskThread "GC Thread#1" [stack: 0x00007e715c200000,0x00007e715c300000] [id=13276]
  0x00007e7148002800 GCTaskThread "GC Thread#2" [stack: 0x00007e715c0ff000,0x00007e715c1ff000] [id=13277]
  0x00007e7148004000 GCTaskThread "GC Thread#3" [stack: 0x00007e7155f00000,0x00007e7156000000] [id=13278]
  0x00007e718008c800 ConcurrentGCThread "G1 Main Marker" [stack: 0x00007e7185935000,0x00007e7185a35000] [id=13261]
  0x00007e718008e000 ConcurrentGCThread "G1 Conc#0" [stack: 0x00007e7185834000,0x00007e7185934000] [id=13262]
  0x00007e718017d800 ConcurrentGCThread "G1 Refine#0" [stack: 0x00007e718532f000,0x00007e718542f000] [id=13263]
  0x00007e714c001000 ConcurrentGCThread "G1 Refine#1" [stack: 0x00007e7155dff000,0x00007e7155eff000] [id=13279]
  0x00007e718017f000 ConcurrentGCThread "G1 Young RemSet Sampling" [stack: 0x00007e718522e000,0x00007e718532e000] [id=13264]

Threads with active compile tasks:

VM state:not at safepoint (normal execution)

VM Mutex/Monitor currently owned by a thread: None

Heap address: 0x0000000706000000, size: 4000 MB, Compressed Oops mode: Zero based, Oop shift amount: 3
Narrow klass base: 0x0000000800000000, Narrow klass shift: 3
Compressed class space size: 1073741824 Address: 0x0000000840000000

Heap:
 garbage-first heap   total 258048K, used 106132K [0x0000000706000000, 0x0000000800000000)
  region size 1024K, 72 young (73728K), 1 survivors (1024K)
 Metaspace       used 16844K, capacity 17441K, committed 17536K, reserved 1064960K
  class space    used 1928K, capacity 2156K, committed 2176K, reserved 1048576K
Heap Regions: E=young(eden), S=young(survivor), O=old, HS=humongous(starts), HC=humongous(continues), CS=collection set, F=free, A=archive, TAMS=top-at-mark-start (previous, next)
|   0|0x0000000706000000, 0x0000000706100000, 0x0000000706100000|100%| O|  |TAMS 0x0000000706000000, 0x0000000706000000| Untracked 
|   1|0x0000000706100000, 0x0000000706200000, 0x0000000706200000|100%| O|  |TAMS 0x0000000706100000, 0x0000000706100000| Untracked 
|   2|0x0000000706200000, 0x0000000706300000, 0x0000000706300000|100%|HS|  |TAMS 0x0000000706200000, 0x0000000706200000| Complete 
|   3|0x0000000706300000, 0x0000000706400000, 0x0000000706400000|100%|HC|  |TAMS 0x0000000706300000, 0x0000000706300000| Complete 
|   4|0x0000000706400000, 0x0000000706500000, 0x0000000706500000|100%|HC|  |TAMS 0x0000000706400000, 0x0000000706400000| Complete 
|   5|0x0000000706500000, 0x0000000706600000, 0x0000000706600000|100%|HC|  |TAMS 0x0000000706500000, 0x0000000706500000| Complete 
|   6|0x0000000706600000, 0x0000000706700000, 0x0000000706700000|100%|HC|  |TAMS 0x0000000706600000, 0x0000000706600000| Complete 
|   7|0x0000000706700000, 0x0000000706800000, 0x0000000706800000|100%|HC|  |TAMS 0x0000000706700000, 0x0000000706700000| Complete 
|   8|0x0000000706800000, 0x0000000706900000, 0x0000000706900000|100%| O|  |TAMS 0x0000000706800000, 0x0000000706800000| Untracked 
|   9|0x0000000706900000, 0x0000000706a00000, 0x0000000706a00000|100%| O|  |TAMS 0x0000000706900000, 0x0000000706900000| Untracked 
|  10|0x0000000706a00000, 0x0000000706b00000, 0x0000000706b00000|100%| O|  |TAMS 0x0000000706a00000, 0x0000000706a00000| Untracked 
|  11|0x0000000706b00000, 0x0000000706c00000, 0x0000000706c00000|100%| O|  |TAMS 0x0000000706b00000, 0x0000000706b00000| Untracked 
|  12|0x0000000706c00000, 0x0000000706d00000, 0x0000000706d00000|100%| O|  |TAMS 0x0000000706c00000, 0x0000000706c00000| Untracked 
|  13|0x0000000706d00000, 0x0000000706e00000, 0x0000000706e00000|100%| O|  |TAMS 0x0000000706d00000, 0x0000000706d00000| Untracked 
|  14|0x0000000706e00000, 0x0000000706f00000, 0x0000000706f00000|100%| O|  |TAMS 0x0000000706e00000, 0x0000000706e00000| Untracked 
|  15|0x0000000706f00000, 0x0000000706f58e00, 0x0000000707000000| 34%| O|  |TAMS 0x0000000706f00000, 0x0000000706f00000| Untracked 
|  16|0x0000000707000000, 0x0000000707100000, 0x0000000707100000|100%|HS|  |TAMS 0x0000000707000000, 0x0000000707000000| Complete 
|  17|0x0000000707100000, 0x0000000707200000, 0x0000000707200000|100%|HC|  |TAMS 0x0000000707100000, 0x0000000707100000| Complete 
|  18|0x0000000707200000, 0x0000000707300000, 0x0000000707300000|100%|HC|  |TAMS 0x0000000707200000, 0x0000000707200000| Complete 
|  19|0x0000000707300000, 0x0000000707300000, 0x0000000707400000|  0%| F|  |TAMS 0x0000000707300000, 0x0000000707300000| Untracked 
|  20|0x0000000707400000, 0x0000000707400000, 0x0000000707500000|  0%| F|  |TAMS 0x0000000707400000, 0x0000000707400000| Untracked 
|  21|0x0000000707500000, 0x0000000707500000, 0x0000000707600000|  0%| F|  |TAMS 0x0000000707500000, 0x0000000707500000| Untracked 
|  22|0x0000000707600000, 0x0000000707600000, 0x0000000707700000|  0%| F|  |TAMS 0x0000000707600000, 0x0000000707600000| Untracked 
|  23|0x0000000707700000, 0x0000000707700000, 0x0000000707800000|  0%| F|  |TAMS 0x0000000707700000, 0x0000000707700000| Untracked 
|  24|0x0000000707800000, 0x0000000707800000, 0x0000000707900000|  0%| F|  |TAMS 0x0000000707800000, 0x0000000707800000| Untracked 
|  25|0x0000000707900000, 0x0000000707900000, 0x0000000707a00000|  0%| F|  |TAMS 0x0000000707900000, 0x0000000707900000| Untracked 
|  26|0x0000000707a00000, 0x0000000707a00000, 0x0000000707b00000|  0%| F|  |TAMS 0x0000000707a00000, 0x0000000707a00000| Untracked 
|  27|0x0000000707b00000, 0x0000000707b00000, 0x0000000707c00000|  0%| F|  |TAMS 0x0000000707b00000, 0x0000000707b00000| Untracked 
|  28|0x0000000707c00000, 0x0000000707c00000, 0x0000000707d00000|  0%| F|  |TAMS 0x0000000707c00000, 0x0000000707c00000| Untracked 
|  29|0x0000000707d00000, 0x0000000707d00000, 0x0000000707e00000|  0%| F|  |TAMS 0x0000000707d00000, 0x0000000707d00000| Untracked 
|  30|0x0000000707e00000, 0x0000000707e00000, 0x0000000707f00000|  0%| F|  |TAMS 0x0000000707e00000, 0x0000000707e00000| Untracked 
|  31|0x0000000707f00000, 0x0000000707f00000, 0x0000000708000000|  0%| F|  |TAMS 0x0000000707f00000, 0x0000000707f00000| Untracked 
|  32|0x0000000708000000, 0x0000000708000000, 0x0000000708100000|  0%| F|  |TAMS 0x0000000708000000, 0x0000000708000000| Untracked 
|  33|0x0000000708100000, 0x0000000708100000, 0x0000000708200000|  0%| F|  |TAMS 0x0000000708100000, 0x0000000708100000| Untracked 
|  34|0x0000000708200000, 0x0000000708200000, 0x0000000708300000|  0%| F|  |TAMS 0x0000000708200000, 0x0000000708200000| Untracked 
|  35|0x0000000708300000, 0x0000000708300000, 0x0000000708400000|  0%| F|  |TAMS 0x0000000708300000, 0x0000000708300000| Untracked 
|  36|0x0000000708400000, 0x0000000708400000, 0x0000000708500000|  0%| F|  |TAMS 0x0000000708400000, 0x0000000708400000| Untracked 
|  37|0x0000000708500000, 0x0000000708500000, 0x0000000708600000|  0%| F|  |TAMS 0x0000000708500000, 0x0000000708500000| Untracked 
|  38|0x0000000708600000, 0x0000000708600000, 0x0000000708700000|  0%| F|  |TAMS 0x0000000708600000, 0x0000000708600000| Untracked 
|  39|0x0000000708700000, 0x0000000708700000, 0x0000000708800000|  0%| F|  |TAMS 0x0000000708700000, 0x0000000708700000| Untracked 
|  40|0x0000000708800000, 0x0000000708800000, 0x0000000708900000|  0%| F|  |TAMS 0x0000000708800000, 0x0000000708800000| Untracked 
|  41|0x0000000708900000, 0x0000000708900000, 0x0000000708a00000|  0%| F|  |TAMS 0x0000000708900000, 0x0000000708900000| Untracked 
|  42|0x0000000708a00000, 0x0000000708a00000, 0x0000000708b00000|  0%| F|  |TAMS 0x0000000708a00000, 0x0000000708a00000| Untracked 
|  43|0x0000000708b00000, 0x0000000708b00000, 0x0000000708c00000|  0%| F|  |TAMS 0x0000000708b00000, 0x0000000708b00000| Untracked 
|  44|0x0000000708c00000, 0x0000000708c00000, 0x0000000708d00000|  0%| F|  |TAMS 0x0000000708c00000, 0x0000000708c00000| Untracked 
|  45|0x0000000708d00000, 0x0000000708d00000, 0x0000000708e00000|  0%| F|  |TAMS 0x0000000708d00000, 0x0000000708d00000| Untracked 
|  46|0x0000000708e00000, 0x0000000708e00000, 0x0000000708f00000|  0%| F|  |TAMS 0x0000000708e00000, 0x0000000708e00000| Untracked 
|  47|0x0000000708f00000, 0x0000000708f00000, 0x0000000709000000|  0%| F|  |TAMS 0x0000000708f00000, 0x0000000708f00000| Untracked 
|  48|0x0000000709000000, 0x0000000709000000, 0x0000000709100000|  0%| F|  |TAMS 0x0000000709000000, 0x0000000709000000| Untracked 
|  49|0x0000000709100000, 0x0000000709100000, 0x0000000709200000|  0%| F|  |TAMS 0x0000000709100000, 0x0000000709100000| Untracked 
|  50|0x0000000709200000, 0x0000000709200000, 0x0000000709300000|  0%| F|  |TAMS 0x0000000709200000, 0x0000000709200000| Untracked 
|  51|0x0000000709300000, 0x0000000709300000, 0x0000000709400000|  0%| F|  |TAMS 0x0000000709300000, 0x0000000709300000| Untracked 
|  52|0x0000000709400000, 0x0000000709400000, 0x0000000709500000|  0%| F|  |TAMS 0x0000000709400000, 0x0000000709400000| Untracked 
|  53|0x0000000709500000, 0x0000000709500000, 0x0000000709600000|  0%| F|  |TAMS 0x0000000709500000, 0x0000000709500000| Untracked 
|  54|0x0000000709600000, 0x0000000709600000, 0x0000000709700000|  0%| F|  |TAMS 0x0000000709600000, 0x0000000709600000| Untracked 
|  55|0x0000000709700000, 0x0000000709700000, 0x0000000709800000|  0%| F|  |TAMS 0x0000000709700000, 0x0000000709700000| Untracked 
|  56|0x0000000709800000, 0x0000000709800000, 0x0000000709900000|  0%| F|  |TAMS 0x0000000709800000, 0x0000000709800000| Untracked 
|  57|0x0000000709900000, 0x0000000709900000, 0x0000000709a00000|  0%| F|  |TAMS 0x0000000709900000, 0x0000000709900000| Untracked 
|  58|0x0000000709a00000, 0x0000000709a00000, 0x0000000709b00000|  0%| F|  |TAMS 0x0000000709a00000, 0x0000000709a00000| Untracked 
|  59|0x0000000709b00000, 0x0000000709b00000, 0x0000000709c00000|  0%| F|  |TAMS 0x0000000709b00000, 0x0000000709b00000| Untracked 
|  60|0x0000000709c00000, 0x0000000709c00000, 0x0000000709d00000|  0%| F|  |TAMS 0x0000000709c00000, 0x0000000709c00000| Untracked 
|  61|0x0000000709d00000, 0x0000000709d00000, 0x0000000709e00000|  0%| F|  |TAMS 0x0000000709d00000, 0x0000000709d00000| Untracked 
|  62|0x0000000709e00000, 0x0000000709e00000, 0x0000000709f00000|  0%| F|  |TAMS 0x0000000709e00000, 0x0000000709e00000| Untracked 
|  63|0x0000000709f00000, 0x0000000709f00000, 0x000000070a000000|  0%| F|  |TAMS 0x0000000709f00000, 0x0000000709f00000| Untracked 
|  64|0x000000070a000000, 0x000000070a000000, 0x000000070a100000|  0%| F|  |TAMS 0x000000070a000000, 0x000000070a000000| Untracked 
|  65|0x000000070a100000, 0x000000070a100000, 0x000000070a200000|  0%| F|  |TAMS 0x000000070a100000, 0x000000070a100000| Untracked 
|  66|0x000000070a200000, 0x000000070a200000, 0x000000070a300000|  0%| F|  |TAMS 0x000000070a200000, 0x000000070a200000| Untracked 
|  67|0x000000070a300000, 0x000000070a400000, 0x000000070a400000|100%|HS|  |TAMS 0x000000070a300000, 0x000000070a300000| Complete 
|  68|0x000000070a400000, 0x000000070a500000, 0x000000070a500000|100%|HC|  |TAMS 0x000000070a400000, 0x000000070a400000| Complete 
|  69|0x000000070a500000, 0x000000070a600000, 0x000000070a600000|100%|HC|  |TAMS 0x000000070a500000, 0x000000070a500000| Complete 
|  70|0x000000070a600000, 0x000000070a700000, 0x000000070a700000|100%|HC|  |TAMS 0x000000070a600000, 0x000000070a600000| Complete 
|  71|0x000000070a700000, 0x000000070a800000, 0x000000070a800000|100%|HC|  |TAMS 0x000000070a700000, 0x000000070a700000| Complete 
|  72|0x000000070a800000, 0x000000070a900000, 0x000000070a900000|100%|HC|  |TAMS 0x000000070a800000, 0x000000070a800000| Complete 
|  73|0x000000070a900000, 0x000000070aa00000, 0x000000070aa00000|100%|HC|  |TAMS 0x000000070a900000, 0x000000070a900000| Complete 
|  74|0x000000070aa00000, 0x000000070ab00000, 0x000000070ab00000|100%|HC|  |TAMS 0x000000070aa00000, 0x000000070aa00000| Complete 
|  75|0x000000070ab00000, 0x000000070ac00000, 0x000000070ac00000|100%|HC|  |TAMS 0x000000070ab00000, 0x000000070ab00000| Complete 
|  76|0x000000070ac00000, 0x000000070ad00000, 0x000000070ad00000|100%| O|  |TAMS 0x000000070ac00000, 0x000000070ac00000| Untracked 
|  77|0x000000070ad00000, 0x000000070ae00000, 0x000000070ae00000|100%| O|  |TAMS 0x000000070ad00000, 0x000000070ad00000| Untracked 
|  78|0x000000070ae00000, 0x000000070af00000, 0x000000070af00000|100%| O|  |TAMS 0x000000070ae00000, 0x000000070ae00000| Untracked 
|  79|0x000000070af00000, 0x000000070b000000, 0x000000070b000000|100%| O|  |TAMS 0x000000070af00000, 0x000000070af00000| Untracked 
|  80|0x000000070b000000, 0x000000070b100000, 0x000000070b100000|100%| O|  |TAMS 0x000000070b000000, 0x000000070b000000| Untracked 
|  81|0x000000070b100000, 0x000000070b100000, 0x000000070b200000|  0%| F|  |TAMS 0x000000070b100000, 0x000000070b100000| Untracked 
|  82|0x000000070b200000, 0x000000070b200000, 0x000000070b300000|  0%| F|  |TAMS 0x000000070b200000, 0x000000070b200000| Untracked 
|  83|0x000000070b300000, 0x000000070b300000, 0x000000070b400000|  0%| F|  |TAMS 0x000000070b300000, 0x000000070b300000| Untracked 
|  84|0x000000070b400000, 0x000000070b400000, 0x000000070b500000|  0%| F|  |TAMS 0x000000070b400000, 0x000000070b400000| Untracked 
|  85|0x000000070b500000, 0x000000070b500000, 0x000000070b600000|  0%| F|  |TAMS 0x000000070b500000, 0x000000070b500000| Untracked 
|  86|0x000000070b600000, 0x000000070b600000, 0x000000070b700000|  0%| F|  |TAMS 0x000000070b600000, 0x000000070b600000| Untracked 
|  87|0x000000070b700000, 0x000000070b700000, 0x000000070b800000|  0%| F|  |TAMS 0x000000070b700000, 0x000000070b700000| Untracked 
|  88|0x000000070b800000, 0x000000070b800000, 0x000000070b900000|  0%| F|  |TAMS 0x000000070b800000, 0x000000070b800000| Untracked 
|  89|0x000000070b900000, 0x000000070b900000, 0x000000070ba00000|  0%| F|  |TAMS 0x000000070b900000, 0x000000070b900000| Untracked 
|  90|0x000000070ba00000, 0x000000070ba00000, 0x000000070bb00000|  0%| F|  |TAMS 0x000000070ba00000, 0x000000070ba00000| Untracked 
|  91|0x000000070bb00000, 0x000000070bb00000, 0x000000070bc00000|  0%| F|  |TAMS 0x000000070bb00000, 0x000000070bb00000| Untracked 
|  92|0x000000070bc00000, 0x000000070bc00000, 0x000000070bd00000|  0%| F|  |TAMS 0x000000070bc00000, 0x000000070bc00000| Untracked 
|  93|0x000000070bd00000, 0x000000070bd00000, 0x000000070be00000|  0%| F|  |TAMS 0x000000070bd00000, 0x000000070bd00000| Untracked 
|  94|0x000000070be00000, 0x000000070be00000, 0x000000070bf00000|  0%| F|  |TAMS 0x000000070be00000, 0x000000070be00000| Untracked 
|  95|0x000000070bf00000, 0x000000070bf00000, 0x000000070c000000|  0%| F|  |TAMS 0x000000070bf00000, 0x000000070bf00000| Untracked 
|  96|0x000000070c000000, 0x000000070c000000, 0x000000070c100000|  0%| F|  |TAMS 0x000000070c000000, 0x000000070c000000| Untracked 
|  97|0x000000070c100000, 0x000000070c100000, 0x000000070c200000|  0%| F|  |TAMS 0x000000070c100000, 0x000000070c100000| Untracked 
|  98|0x000000070c200000, 0x000000070c200000, 0x000000070c300000|  0%| F|  |TAMS 0x000000070c200000, 0x000000070c200000| Untracked 
|  99|0x000000070c300000, 0x000000070c300000, 0x000000070c400000|  0%| F|  |TAMS 0x000000070c300000, 0x000000070c300000| Untracked 
| 100|0x000000070c400000, 0x000000070c400000, 0x000000070c500000|  0%| F|  |TAMS 0x000000070c400000, 0x000000070c400000| Untracked 
| 101|0x000000070c500000, 0x000000070c500000, 0x000000070c600000|  0%| F|  |TAMS 0x000000070c500000, 0x000000070c500000| Untracked 
| 102|0x000000070c600000, 0x000000070c600000, 0x000000070c700000|  0%| F|  |TAMS 0x000000070c600000, 0x000000070c600000| Untracked 
| 103|0x000000070c700000, 0x000000070c700000, 0x000000070c800000|  0%| F|  |TAMS 0x000000070c700000, 0x000000070c700000| Untracked 
| 104|0x000000070c800000, 0x000000070c800000, 0x000000070c900000|  0%| F|  |TAMS 0x000000070c800000, 0x000000070c800000| Untracked 
| 105|0x000000070c900000, 0x000000070c900000, 0x000000070ca00000|  0%| F|  |TAMS 0x000000070c900000, 0x000000070c900000| Untracked 
| 106|0x000000070ca00000, 0x000000070ca00000, 0x000000070cb00000|  0%| F|  |TAMS 0x000000070ca00000, 0x000000070ca00000| Untracked 
| 107|0x000000070cb00000, 0x000000070cb00000, 0x000000070cc00000|  0%| F|  |TAMS 0x000000070cb00000, 0x000000070cb00000| Untracked 
| 108|0x000000070cc00000, 0x000000070cc00000, 0x000000070cd00000|  0%| F|  |TAMS 0x000000070cc00000, 0x000000070cc00000| Untracked 
| 109|0x000000070cd00000, 0x000000070cd00000, 0x000000070ce00000|  0%| F|  |TAMS 0x000000070cd00000, 0x000000070cd00000| Untracked 
| 110|0x000000070ce00000, 0x000000070ce00000, 0x000000070cf00000|  0%| F|  |TAMS 0x000000070ce00000, 0x000000070ce00000| Untracked 
| 111|0x000000070cf00000, 0x000000070cf00000, 0x000000070d000000|  0%| F|  |TAMS 0x000000070cf00000, 0x000000070cf00000| Untracked 
| 112|0x000000070d000000, 0x000000070d000000, 0x000000070d100000|  0%| F|  |TAMS 0x000000070d000000, 0x000000070d000000| Untracked 
| 113|0x000000070d100000, 0x000000070d100000, 0x000000070d200000|  0%| F|  |TAMS 0x000000070d100000, 0x000000070d100000| Untracked 
| 114|0x000000070d200000, 0x000000070d200000, 0x000000070d300000|  0%| F|  |TAMS 0x000000070d200000, 0x000000070d200000| Untracked 
| 115|0x000000070d300000, 0x000000070d300000, 0x000000070d400000|  0%| F|  |TAMS 0x000000070d300000, 0x000000070d300000| Untracked 
| 116|0x000000070d400000, 0x000000070d400000, 0x000000070d500000|  0%| F|  |TAMS 0x000000070d400000, 0x000000070d400000| Untracked 
| 117|0x000000070d500000, 0x000000070d500000, 0x000000070d600000|  0%| F|  |TAMS 0x000000070d500000, 0x000000070d500000| Untracked 
| 118|0x000000070d600000, 0x000000070d600000, 0x000000070d700000|  0%| F|  |TAMS 0x000000070d600000, 0x000000070d600000| Untracked 
| 119|0x000000070d700000, 0x000000070d700000, 0x000000070d800000|  0%| F|  |TAMS 0x000000070d700000, 0x000000070d700000| Untracked 
| 120|0x000000070d800000, 0x000000070d800000, 0x000000070d900000|  0%| F|  |TAMS 0x000000070d800000, 0x000000070d800000| Untracked 
| 121|0x000000070d900000, 0x000000070d900000, 0x000000070da00000|  0%| F|  |TAMS 0x000000070d900000, 0x000000070d900000| Untracked 
| 122|0x000000070da00000, 0x000000070da00000, 0x000000070db00000|  0%| F|  |TAMS 0x000000070da00000, 0x000000070da00000| Untracked 
| 123|0x000000070db00000, 0x000000070db00000, 0x000000070dc00000|  0%| F|  |TAMS 0x000000070db00000, 0x000000070db00000| Untracked 
| 124|0x000000070dc00000, 0x000000070dc00000, 0x000000070dd00000|  0%| F|  |TAMS 0x000000070dc00000, 0x000000070dc00000| Untracked 
| 125|0x000000070dd00000, 0x000000070dd00000, 0x000000070de00000|  0%| F|  |TAMS 0x000000070dd00000, 0x000000070dd00000| Untracked 
| 126|0x000000070de00000, 0x000000070de00000, 0x000000070df00000|  0%| F|  |TAMS 0x000000070de00000, 0x000000070de00000| Untracked 
| 127|0x000000070df00000, 0x000000070df00000, 0x000000070e000000|  0%| F|  |TAMS 0x000000070df00000, 0x000000070df00000| Untracked 
| 128|0x000000070e000000, 0x000000070e000000, 0x000000070e100000|  0%| F|  |TAMS 0x000000070e000000, 0x000000070e000000| Untracked 
| 129|0x000000070e100000, 0x000000070e100000, 0x000000070e200000|  0%| F|  |TAMS 0x000000070e100000, 0x000000070e100000| Untracked 
| 130|0x000000070e200000, 0x000000070e200000, 0x000000070e300000|  0%| F|  |TAMS 0x000000070e200000, 0x000000070e200000| Untracked 
| 131|0x000000070e300000, 0x000000070e300000, 0x000000070e400000|  0%| F|  |TAMS 0x000000070e300000, 0x000000070e300000| Untracked 
| 132|0x000000070e400000, 0x000000070e400000, 0x000000070e500000|  0%| F|  |TAMS 0x000000070e400000, 0x000000070e400000| Untracked 
| 133|0x000000070e500000, 0x000000070e500000, 0x000000070e600000|  0%| F|  |TAMS 0x000000070e500000, 0x000000070e500000| Untracked 
| 134|0x000000070e600000, 0x000000070e600000, 0x000000070e700000|  0%| F|  |TAMS 0x000000070e600000, 0x000000070e600000| Untracked 
| 135|0x000000070e700000, 0x000000070e700000, 0x000000070e800000|  0%| F|  |TAMS 0x000000070e700000, 0x000000070e700000| Untracked 
| 136|0x000000070e800000, 0x000000070e800000, 0x000000070e900000|  0%| F|  |TAMS 0x000000070e800000, 0x000000070e800000| Untracked 
| 137|0x000000070e900000, 0x000000070e900000, 0x000000070ea00000|  0%| F|  |TAMS 0x000000070e900000, 0x000000070e900000| Untracked 
| 138|0x000000070ea00000, 0x000000070ea00000, 0x000000070eb00000|  0%| F|  |TAMS 0x000000070ea00000, 0x000000070ea00000| Untracked 
| 139|0x000000070eb00000, 0x000000070eb00000, 0x000000070ec00000|  0%| F|  |TAMS 0x000000070eb00000, 0x000000070eb00000| Untracked 
| 140|0x000000070ec00000, 0x000000070ec00000, 0x000000070ed00000|  0%| F|  |TAMS 0x000000070ec00000, 0x000000070ec00000| Untracked 
| 141|0x000000070ed00000, 0x000000070ed00000, 0x000000070ee00000|  0%| F|  |TAMS 0x000000070ed00000, 0x000000070ed00000| Untracked 
| 142|0x000000070ee00000, 0x000000070ee00000, 0x000000070ef00000|  0%| F|  |TAMS 0x000000070ee00000, 0x000000070ee00000| Untracked 
| 143|0x000000070ef00000, 0x000000070ef00000, 0x000000070f000000|  0%| F|  |TAMS 0x000000070ef00000, 0x000000070ef00000| Untracked 
| 144|0x000000070f000000, 0x000000070f000000, 0x000000070f100000|  0%| F|  |TAMS 0x000000070f000000, 0x000000070f000000| Untracked 
| 145|0x000000070f100000, 0x000000070f100000, 0x000000070f200000|  0%| F|  |TAMS 0x000000070f100000, 0x000000070f100000| Untracked 
| 146|0x000000070f200000, 0x000000070f200000, 0x000000070f300000|  0%| F|  |TAMS 0x000000070f200000, 0x000000070f200000| Untracked 
| 147|0x000000070f300000, 0x000000070f300000, 0x000000070f400000|  0%| F|  |TAMS 0x000000070f300000, 0x000000070f300000| Untracked 
| 148|0x000000070f400000, 0x000000070f400000, 0x000000070f500000|  0%| F|  |TAMS 0x000000070f400000, 0x000000070f400000| Untracked 
| 149|0x000000070f500000, 0x000000070f500000, 0x000000070f600000|  0%| F|  |TAMS 0x000000070f500000, 0x000000070f500000| Untracked 
| 150|0x000000070f600000, 0x000000070f600000, 0x000000070f700000|  0%| F|  |TAMS 0x000000070f600000, 0x000000070f600000| Untracked 
| 151|0x000000070f700000, 0x000000070f700000, 0x000000070f800000|  0%| F|  |TAMS 0x000000070f700000, 0x000000070f700000| Untracked 
| 152|0x000000070f800000, 0x000000070f800000, 0x000000070f900000|  0%| F|  |TAMS 0x000000070f800000, 0x000000070f800000| Untracked 
| 153|0x000000070f900000, 0x000000070f900000, 0x000000070fa00000|  0%| F|  |TAMS 0x000000070f900000, 0x000000070f900000| Untracked 
| 154|0x000000070fa00000, 0x000000070fa00000, 0x000000070fb00000|  0%| F|  |TAMS 0x000000070fa00000, 0x000000070fa00000| Untracked 
| 155|0x000000070fb00000, 0x000000070fb00000, 0x000000070fc00000|  0%| F|  |TAMS 0x000000070fb00000, 0x000000070fb00000| Untracked 
| 156|0x000000070fc00000, 0x000000070fc00000, 0x000000070fd00000|  0%| F|  |TAMS 0x000000070fc00000, 0x000000070fc00000| Untracked 
| 157|0x000000070fd00000, 0x000000070fd00000, 0x000000070fe00000|  0%| F|  |TAMS 0x000000070fd00000, 0x000000070fd00000| Untracked 
| 158|0x000000070fe00000, 0x000000070fe00000, 0x000000070ff00000|  0%| F|  |TAMS 0x000000070fe00000, 0x000000070fe00000| Untracked 
| 159|0x000000070ff00000, 0x000000070ff00000, 0x0000000710000000|  0%| F|  |TAMS 0x000000070ff00000, 0x000000070ff00000| Untracked 
| 160|0x0000000710000000, 0x0000000710000000, 0x0000000710100000|  0%| F|  |TAMS 0x0000000710000000, 0x0000000710000000| Untracked 
| 161|0x0000000710100000, 0x0000000710100000, 0x0000000710200000|  0%| F|  |TAMS 0x0000000710100000, 0x0000000710100000| Untracked 
| 162|0x0000000710200000, 0x0000000710200000, 0x0000000710300000|  0%| F|  |TAMS 0x0000000710200000, 0x0000000710200000| Untracked 
| 163|0x0000000710300000, 0x0000000710300000, 0x0000000710400000|  0%| F|  |TAMS 0x0000000710300000, 0x0000000710300000| Untracked 
| 164|0x0000000710400000, 0x0000000710400000, 0x0000000710500000|  0%| F|  |TAMS 0x0000000710400000, 0x0000000710400000| Untracked 
| 165|0x0000000710500000, 0x0000000710500000, 0x0000000710600000|  0%| F|  |TAMS 0x0000000710500000, 0x0000000710500000| Untracked 
| 166|0x0000000710600000, 0x0000000710600000, 0x0000000710700000|  0%| F|  |TAMS 0x0000000710600000, 0x0000000710600000| Untracked 
| 167|0x0000000710700000, 0x0000000710700000, 0x0000000710800000|  0%| F|  |TAMS 0x0000000710700000, 0x0000000710700000| Untracked 
| 168|0x0000000710800000, 0x0000000710800000, 0x0000000710900000|  0%| F|  |TAMS 0x0000000710800000, 0x0000000710800000| Untracked 
| 169|0x0000000710900000, 0x0000000710900000, 0x0000000710a00000|  0%| F|  |TAMS 0x0000000710900000, 0x0000000710900000| Untracked 
| 170|0x0000000710a00000, 0x0000000710a00000, 0x0000000710b00000|  0%| F|  |TAMS 0x0000000710a00000, 0x0000000710a00000| Untracked 
| 171|0x0000000710b00000, 0x0000000710b00000, 0x0000000710c00000|  0%| F|  |TAMS 0x0000000710b00000, 0x0000000710b00000| Untracked 
| 172|0x0000000710c00000, 0x0000000710c00000, 0x0000000710d00000|  0%| F|  |TAMS 0x0000000710c00000, 0x0000000710c00000| Untracked 
| 173|0x0000000710d00000, 0x0000000710d00000, 0x0000000710e00000|  0%| F|  |TAMS 0x0000000710d00000, 0x0000000710d00000| Untracked 
| 174|0x0000000710e00000, 0x0000000710e00000, 0x0000000710f00000|  0%| F|  |TAMS 0x0000000710e00000, 0x0000000710e00000| Untracked 
| 175|0x0000000710f00000, 0x0000000710f00000, 0x0000000711000000|  0%| F|  |TAMS 0x0000000710f00000, 0x0000000710f00000| Untracked 
| 176|0x0000000711000000, 0x0000000711000000, 0x0000000711100000|  0%| F|  |TAMS 0x0000000711000000, 0x0000000711000000| Untracked 
| 177|0x0000000711100000, 0x0000000711100000, 0x0000000711200000|  0%| F|  |TAMS 0x0000000711100000, 0x0000000711100000| Untracked 
| 178|0x0000000711200000, 0x0000000711280800, 0x0000000711300000| 50%| E|  |TAMS 0x0000000711200000, 0x0000000711200000| Complete 
| 179|0x0000000711300000, 0x0000000711400000, 0x0000000711400000|100%| E|CS|TAMS 0x0000000711300000, 0x0000000711300000| Complete 
| 180|0x0000000711400000, 0x0000000711500000, 0x0000000711500000|100%| E|CS|TAMS 0x0000000711400000, 0x0000000711400000| Complete 
| 181|0x0000000711500000, 0x0000000711600000, 0x0000000711600000|100%| E|CS|TAMS 0x0000000711500000, 0x0000000711500000| Complete 
| 182|0x0000000711600000, 0x0000000711700000, 0x0000000711700000|100%| E|CS|TAMS 0x0000000711600000, 0x0000000711600000| Complete 
| 183|0x0000000711700000, 0x0000000711800000, 0x0000000711800000|100%| E|CS|TAMS 0x0000000711700000, 0x0000000711700000| Complete 
| 184|0x0000000711800000, 0x0000000711900000, 0x0000000711900000|100%| E|CS|TAMS 0x0000000711800000, 0x0000000711800000| Complete 
| 185|0x0000000711900000, 0x0000000711a00000, 0x0000000711a00000|100%| E|CS|TAMS 0x0000000711900000, 0x0000000711900000| Complete 
| 186|0x0000000711a00000, 0x0000000711b00000, 0x0000000711b00000|100%| E|CS|TAMS 0x0000000711a00000, 0x0000000711a00000| Complete 
| 187|0x0000000711b00000, 0x0000000711c00000, 0x0000000711c00000|100%| E|CS|TAMS 0x0000000711b00000, 0x0000000711b00000| Complete 
| 188|0x0000000711c00000, 0x0000000711d00000, 0x0000000711d00000|100%| E|CS|TAMS 0x0000000711c00000, 0x0000000711c00000| Complete 
| 189|0x0000000711d00000, 0x0000000711e00000, 0x0000000711e00000|100%| E|CS|TAMS 0x0000000711d00000, 0x0000000711d00000| Complete 
| 190|0x0000000711e00000, 0x0000000711e984b8, 0x0000000711f00000| 59%| S|CS|TAMS 0x0000000711e00000, 0x0000000711e00000| Complete 
| 191|0x0000000711f00000, 0x0000000712000000, 0x0000000712000000|100%| E|CS|TAMS 0x0000000711f00000, 0x0000000711f00000| Complete 
| 192|0x0000000712000000, 0x0000000712100000, 0x0000000712100000|100%| E|CS|TAMS 0x0000000712000000, 0x0000000712000000| Complete 
| 193|0x0000000712100000, 0x0000000712200000, 0x0000000712200000|100%| E|CS|TAMS 0x0000000712100000, 0x0000000712100000| Complete 
| 194|0x0000000712200000, 0x0000000712300000, 0x0000000712300000|100%| E|CS|TAMS 0x0000000712200000, 0x0000000712200000| Complete 
| 195|0x0000000712300000, 0x0000000712400000, 0x0000000712400000|100%| E|CS|TAMS 0x0000000712300000, 0x0000000712300000| Complete 
| 196|0x0000000712400000, 0x0000000712500000, 0x0000000712500000|100%| E|CS|TAMS 0x0000000712400000, 0x0000000712400000| Complete 
| 197|0x0000000712500000, 0x0000000712600000, 0x0000000712600000|100%| E|CS|TAMS 0x0000000712500000, 0x0000000712500000| Complete 
| 198|0x0000000712600000, 0x0000000712700000, 0x0000000712700000|100%| E|CS|TAMS 0x0000000712600000, 0x0000000712600000| Complete 
| 199|0x0000000712700000, 0x0000000712800000, 0x0000000712800000|100%| E|CS|TAMS 0x0000000712700000, 0x0000000712700000| Complete 
| 200|0x0000000712800000, 0x0000000712900000, 0x0000000712900000|100%| E|CS|TAMS 0x0000000712800000, 0x0000000712800000| Complete 
| 201|0x0000000712900000, 0x0000000712a00000, 0x0000000712a00000|100%| E|CS|TAMS 0x0000000712900000, 0x0000000712900000| Complete 
| 202|0x0000000712a00000, 0x0000000712b00000, 0x0000000712b00000|100%| E|CS|TAMS 0x0000000712a00000, 0x0000000712a00000| Complete 
| 203|0x0000000712b00000, 0x0000000712c00000, 0x0000000712c00000|100%| E|CS|TAMS 0x0000000712b00000, 0x0000000712b00000| Complete 
| 204|0x0000000712c00000, 0x0000000712d00000, 0x0000000712d00000|100%| E|CS|TAMS 0x0000000712c00000, 0x0000000712c00000| Complete 
| 205|0x0000000712d00000, 0x0000000712e00000, 0x0000000712e00000|100%| E|CS|TAMS 0x0000000712d00000, 0x0000000712d00000| Complete 
| 206|0x0000000712e00000, 0x0000000712f00000, 0x0000000712f00000|100%| E|CS|TAMS 0x0000000712e00000, 0x0000000712e00000| Complete 
| 207|0x0000000712f00000, 0x0000000713000000, 0x0000000713000000|100%| E|CS|TAMS 0x0000000712f00000, 0x0000000712f00000| Complete 
| 208|0x0000000713000000, 0x0000000713100000, 0x0000000713100000|100%| E|CS|TAMS 0x0000000713000000, 0x0000000713000000| Complete 
| 209|0x0000000713100000, 0x0000000713200000, 0x0000000713200000|100%| E|CS|TAMS 0x0000000713100000, 0x0000000713100000| Complete 
| 210|0x0000000713200000, 0x0000000713300000, 0x0000000713300000|100%| E|CS|TAMS 0x0000000713200000, 0x0000000713200000| Complete 
| 211|0x0000000713300000, 0x0000000713400000, 0x0000000713400000|100%| E|CS|TAMS 0x0000000713300000, 0x0000000713300000| Complete 
| 212|0x0000000713400000, 0x0000000713500000, 0x0000000713500000|100%| E|CS|TAMS 0x0000000713400000, 0x0000000713400000| Complete 
| 213|0x0000000713500000, 0x0000000713600000, 0x0000000713600000|100%| E|CS|TAMS 0x0000000713500000, 0x0000000713500000| Complete 
| 214|0x0000000713600000, 0x0000000713700000, 0x0000000713700000|100%| E|CS|TAMS 0x0000000713600000, 0x0000000713600000| Complete 
| 215|0x0000000713700000, 0x0000000713800000, 0x0000000713800000|100%| E|CS|TAMS 0x0000000713700000, 0x0000000713700000| Complete 
| 216|0x0000000713800000, 0x0000000713900000, 0x0000000713900000|100%| E|CS|TAMS 0x0000000713800000, 0x0000000713800000| Complete 
| 217|0x0000000713900000, 0x0000000713a00000, 0x0000000713a00000|100%| E|CS|TAMS 0x0000000713900000, 0x0000000713900000| Complete 
| 218|0x0000000713a00000, 0x0000000713b00000, 0x0000000713b00000|100%| E|CS|TAMS 0x0000000713a00000, 0x0000000713a00000| Complete 
| 219|0x0000000713b00000, 0x0000000713c00000, 0x0000000713c00000|100%| E|CS|TAMS 0x0000000713b00000, 0x0000000713b00000| Complete 
| 220|0x0000000713c00000, 0x0000000713d00000, 0x0000000713d00000|100%| E|CS|TAMS 0x0000000713c00000, 0x0000000713c00000| Complete 
| 221|0x0000000713d00000, 0x0000000713e00000, 0x0000000713e00000|100%| E|CS|TAMS 0x0000000713d00000, 0x0000000713d00000| Complete 
| 222|0x0000000713e00000, 0x0000000713f00000, 0x0000000713f00000|100%| E|CS|TAMS 0x0000000713e00000, 0x0000000713e00000| Complete 
| 223|0x0000000713f00000, 0x0000000714000000, 0x0000000714000000|100%| E|CS|TAMS 0x0000000713f00000, 0x0000000713f00000| Complete 
| 224|0x0000000714000000, 0x0000000714100000, 0x0000000714100000|100%| E|CS|TAMS 0x0000000714000000, 0x0000000714000000| Complete 
| 225|0x0000000714100000, 0x0000000714200000, 0x0000000714200000|100%| E|CS|TAMS 0x0000000714100000, 0x0000000714100000| Complete 
| 226|0x0000000714200000, 0x0000000714300000, 0x0000000714300000|100%| E|CS|TAMS 0x0000000714200000, 0x0000000714200000| Complete 
| 227|0x0000000714300000, 0x0000000714400000, 0x0000000714400000|100%| E|CS|TAMS 0x0000000714300000, 0x0000000714300000| Complete 
| 228|0x0000000714400000, 0x0000000714500000, 0x0000000714500000|100%| E|CS|TAMS 0x0000000714400000, 0x0000000714400000| Complete 
| 229|0x0000000714500000, 0x0000000714600000, 0x0000000714600000|100%| E|CS|TAMS 0x0000000714500000, 0x0000000714500000| Complete 
| 230|0x0000000714600000, 0x0000000714700000, 0x0000000714700000|100%| E|CS|TAMS 0x0000000714600000, 0x0000000714600000| Complete 
| 231|0x0000000714700000, 0x0000000714800000, 0x0000000714800000|100%| E|CS|TAMS 0x0000000714700000, 0x0000000714700000| Complete 
| 232|0x0000000714800000, 0x0000000714900000, 0x0000000714900000|100%| E|CS|TAMS 0x0000000714800000, 0x0000000714800000| Complete 
| 233|0x0000000714900000, 0x0000000714a00000, 0x0000000714a00000|100%| E|CS|TAMS 0x0000000714900000, 0x0000000714900000| Complete 
| 234|0x0000000714a00000, 0x0000000714b00000, 0x0000000714b00000|100%| E|CS|TAMS 0x0000000714a00000, 0x0000000714a00000| Complete 
| 235|0x0000000714b00000, 0x0000000714c00000, 0x0000000714c00000|100%| E|CS|TAMS 0x0000000714b00000, 0x0000000714b00000| Complete 
| 236|0x0000000714c00000, 0x0000000714d00000, 0x0000000714d00000|100%| E|CS|TAMS 0x0000000714c00000, 0x0000000714c00000| Complete 
| 237|0x0000000714d00000, 0x0000000714e00000, 0x0000000714e00000|100%| E|CS|TAMS 0x0000000714d00000, 0x0000000714d00000| Complete 
| 238|0x0000000714e00000, 0x0000000714f00000, 0x0000000714f00000|100%| E|CS|TAMS 0x0000000714e00000, 0x0000000714e00000| Complete 
| 239|0x0000000714f00000, 0x0000000715000000, 0x0000000715000000|100%| E|CS|TAMS 0x0000000714f00000, 0x0000000714f00000| Complete 
| 240|0x0000000715000000, 0x0000000715100000, 0x0000000715100000|100%| E|CS|TAMS 0x0000000715000000, 0x0000000715000000| Complete 
| 241|0x0000000715100000, 0x0000000715200000, 0x0000000715200000|100%| E|CS|TAMS 0x0000000715100000, 0x0000000715100000| Complete 
| 242|0x0000000715200000, 0x0000000715300000, 0x0000000715300000|100%| E|CS|TAMS 0x0000000715200000, 0x0000000715200000| Complete 
| 243|0x0000000715300000, 0x0000000715400000, 0x0000000715400000|100%| E|CS|TAMS 0x0000000715300000, 0x0000000715300000| Complete 
| 244|0x0000000715400000, 0x0000000715500000, 0x0000000715500000|100%| E|CS|TAMS 0x0000000715400000, 0x0000000715400000| Complete 
| 245|0x0000000715500000, 0x0000000715600000, 0x0000000715600000|100%| E|CS|TAMS 0x0000000715500000, 0x0000000715500000| Complete 
| 246|0x0000000715600000, 0x0000000715700000, 0x0000000715700000|100%| E|CS|TAMS 0x0000000715600000, 0x0000000715600000| Complete 
| 247|0x0000000715700000, 0x0000000715800000, 0x0000000715800000|100%| E|CS|TAMS 0x0000000715700000, 0x0000000715700000| Complete 
| 248|0x0000000715800000, 0x0000000715900000, 0x0000000715900000|100%| E|CS|TAMS 0x0000000715800000, 0x0000000715800000| Complete 
| 249|0x0000000715900000, 0x0000000715a00000, 0x0000000715a00000|100%| E|CS|TAMS 0x0000000715900000, 0x0000000715900000| Complete 
|3998|0x00000007ffe00000, 0x00000007ffe48000, 0x00000007fff00000| 28%|OA|  |TAMS 0x00000007ffe00000, 0x00000007ffe00000| Untracked 
|3999|0x00000007fff00000, 0x00000007fff6c000, 0x0000000800000000| 42%|CA|  |TAMS 0x00000007fff00000, 0x00000007fff00000| Untracked 

Card table byte_map: [0x00007e718628a000,0x00007e7186a5a000] _byte_map_base: 0x00007e7182a5a000

Marking Bits (Prev, Next): (CMBitMap*) 0x00007e718007bb98, (CMBitMap*) 0x00007e718007bbd0
 Prev Bits: [0x00007e7160180000, 0x00007e7164000000)
 Next Bits: [0x00007e715c300000, 0x00007e7160180000)

Polling page: 0x00007e7189307000

Metaspace:

Usage:
  Non-class:     14.93 MB capacity,    14.57 MB ( 98%) used,   320.25 KB (  2%) free+waste,    48.38 KB ( <1%) overhead. 
      Class:      2.11 MB capacity,     1.88 MB ( 89%) used,   202.95 KB (  9%) free+waste,    24.56 KB (  1%) overhead. 
       Both:     17.03 MB capacity,    16.45 MB ( 97%) used,   523.20 KB (  3%) free+waste,    72.94 KB ( <1%) overhead. 

Virtual space:
  Non-class space:       16.00 MB reserved,      15.00 MB ( 94%) committed 
      Class space:        1.00 GB reserved,       2.12 MB ( <1%) committed 
             Both:        1.02 GB reserved,      17.12 MB (  2%) committed 

Chunk freelists:
   Non-Class:  11.00 KB
       Class:  0 bytes
        Both:  11.00 KB

MaxMetaspaceSize: unlimited
CompressedClassSpaceSize: 1.00 GB
Initial GC threshold: 20.80 MB
Current GC threshold: 20.80 MB
CDS: on

CodeHeap 'non-profiled nmethods': size=120032Kb used=1420Kb max_used=1420Kb free=118611Kb
 bounds [0x00007e71700c8000, 0x00007e7170338000, 0x00007e7177600000]
CodeHeap 'profiled nmethods': size=120032Kb used=5704Kb max_used=5704Kb free=114327Kb
 bounds [0x00007e7168b90000, 0x00007e7169130000, 0x00007e71700c8000]
CodeHeap 'non-nmethods': size=5696Kb used=1233Kb max_used=1245Kb free=4462Kb
 bounds [0x00007e7168600000, 0x00007e7168870000, 0x00007e7168b90000]
 total_blobs=3369 nmethods=2856 adapters=426
 compilation: enabled
              stopped_count=0, restarted_count=0
 full_count=0

Compilation events (20 events):
Event: 11.389 Thread 0x00007e7180235000 nmethod 2842 0x00007e716911c610 code [0x00007e716911c7c0, 0x00007e716911c9e0]
Event: 11.392 Thread 0x00007e7180233000 nmethod 2827 0x00007e7170227610 code [0x00007e7170227800, 0x00007e7170227fa8]
Event: 11.392 Thread 0x00007e7180233000 2835       4       java.lang.String::<init> (74 bytes)
Event: 11.392 Thread 0x00007e7180235000 2844       3       java.util.concurrent.ConcurrentHashMap$BaseIterator::<init> (21 bytes)
Event: 11.392 Thread 0x00007e7180235000 nmethod 2844 0x00007e716911cb10 code [0x00007e716911cce0, 0x00007e716911ced0]
Event: 11.392 Thread 0x00007e7180235000 2845       3       java.util.concurrent.ConcurrentHashMap$Traverser::<init> (36 bytes)
Event: 11.392 Thread 0x00007e7180235000 nmethod 2845 0x00007e716911cf90 code [0x00007e716911d140, 0x00007e716911d350]
Event: 11.394 Thread 0x00007e7180235000 2846       3       java.lang.invoke.DirectMethodHandle::preparedLambdaForm (248 bytes)
Event: 11.395 Thread 0x00007e7180235000 nmethod 2846 0x00007e716911d410 code [0x00007e716911d6e0, 0x00007e716911e190]
Event: 11.396 Thread 0x00007e7180233000 nmethod 2835 0x00007e7170228490 code [0x00007e7170228640, 0x00007e7170228c18]
Event: 11.396 Thread 0x00007e7180233000 2843       4       jdk.internal.jimage.ImageStringsReader::charsFromByteBuffer (186 bytes)
Event: 11.400 Thread 0x00007e7180235000 2852       3       sun.invoke.util.VerifyAccess::isMemberAccessible (313 bytes)
Event: 11.400 Thread 0x00007e7180233000 nmethod 2843 0x00007e7170229c90 code [0x00007e7170229e40, 0x00007e717022a198]
Event: 11.400 Thread 0x00007e7180233000 2840       4       java.util.concurrent.locks.ReentrantLock$Sync::tryRelease (45 bytes)
Event: 11.401 Thread 0x00007e7180233000 nmethod 2840 0x00007e717022ac90 code [0x00007e717022ae40, 0x00007e717022afb8]
Event: 11.402 Thread 0x00007e7180235000 nmethod 2852 0x00007e716911e690 code [0x00007e716911eb60, 0x00007e7169120d60]
Event: 11.403 Thread 0x00007e7180235000 2856       3       java.lang.invoke.InnerClassLambdaMetafactory::getLoadOpcode (25 bytes)
Event: 11.403 Thread 0x00007e7180235000 nmethod 2856 0x00007e7169121790 code [0x00007e7169121960, 0x00007e7169121b90]
Event: 11.403 Thread 0x00007e7180235000 2857       3       java.lang.invoke.InnerClassLambdaMetafactory::getParameterSize (27 bytes)
Event: 11.403 Thread 0x00007e7180235000 nmethod 2857 0x00007e7169121c90 code [0x00007e7169121e40, 0x00007e7169122010]

GC Heap History (12 events):
Event: 0.530 GC heap before
{Heap before GC invocations=0 (full 0):
 garbage-first heap   total 258048K, used 14032K [0x0000000706000000, 0x0000000800000000)
  region size 1024K, 14 young (14336K), 0 survivors (0K)
 Metaspace       used 7788K, capacity 8050K, committed 8192K, reserved 1056768K
  class space    used 881K, capacity 965K, committed 1024K, reserved 1048576K
}
Event: 0.536 GC heap after
{Heap after GC invocations=1 (full 0):
 garbage-first heap   total 258048K, used 4467K [0x0000000706000000, 0x0000000800000000)
  region size 1024K, 2 young (2048K), 2 survivors (2048K)
 Metaspace       used 7788K, capacity 8050K, committed 8192K, reserved 1056768K
  class space    used 881K, capacity 965K, committed 1024K, reserved 1048576K
}
Event: 1.688 GC heap before
{Heap before GC invocations=1 (full 0):
 garbage-first heap   total 258048K, used 21875K [0x0000000706000000, 0x0000000800000000)
  region size 1024K, 12 young (12288K), 2 survivors (2048K)
 Metaspace       used 8841K, capacity 9193K, committed 9344K, reserved 1056768K
  class space    used 988K, capacity 1130K, committed 1152K, reserved 1048576K
}
Event: 1.694 GC heap after
{Heap after GC invocations=2 (full 0):
 garbage-first heap   total 258048K, used 5296K [0x0000000706000000, 0x0000000800000000)
  region size 1024K, 1 young (1024K), 1 survivors (1024K)
 Metaspace       used 8841K, capacity 9193K, committed 9344K, reserved 1056768K
  class space    used 988K, capacity 1130K, committed 1152K, reserved 1048576K
}
Event: 2.848 GC heap before
{Heap before GC invocations=2 (full 0):
 garbage-first heap   total 258048K, used 20656K [0x0000000706000000, 0x0000000800000000)
  region size 1024K, 17 young (17408K), 1 survivors (1024K)
 Metaspace       used 9051K, capacity 9385K, committed 9600K, reserved 1058816K
  class space    used 991K, capacity 1130K, committed 1152K, reserved 1048576K
}
Event: 2.849 GC heap after
{Heap after GC invocations=3 (full 0):
 garbage-first heap   total 258048K, used 5302K [0x0000000706000000, 0x0000000800000000)
  region size 1024K, 1 young (1024K), 1 survivors (1024K)
 Metaspace       used 9051K, capacity 9385K, committed 9600K, reserved 1058816K
  class space    used 991K, capacity 1130K, committed 1152K, reserved 1048576K
}
Event: 3.494 GC heap before
{Heap before GC invocations=3 (full 0):
 garbage-first heap   total 258048K, used 29878K [0x0000000706000000, 0x0000000800000000)
  region size 1024K, 26 young (26624K), 1 survivors (1024K)
 Metaspace       used 9051K, capacity 9385K, committed 9600K, reserved 1058816K
  class space    used 991K, capacity 1130K, committed 1152K, reserved 1048576K
}
Event: 3.496 GC heap after
{Heap after GC invocations=4 (full 0):
 garbage-first heap   total 258048K, used 5206K [0x0000000706000000, 0x0000000800000000)
  region size 1024K, 1 young (1024K), 1 survivors (1024K)
 Metaspace       used 9051K, capacity 9385K, committed 9600K, reserved 1058816K
  class space    used 991K, capacity 1130K, committed 1152K, reserved 1048576K
}
Event: 9.450 GC heap before
{Heap before GC invocations=4 (full 0):
 garbage-first heap   total 258048K, used 119894K [0x0000000706000000, 0x0000000800000000)
  region size 1024K, 42 young (43008K), 1 survivors (1024K)
 Metaspace       used 10293K, capacity 10827K, committed 11136K, reserved 1058816K
  class space    used 1118K, capacity 1314K, committed 1408K, reserved 1048576K
}
Event: 9.454 GC heap after
{Heap after GC invocations=5 (full 0):
 garbage-first heap   total 258048K, used 25112K [0x0000000706000000, 0x0000000800000000)
  region size 1024K, 6 young (6144K), 6 survivors (6144K)
 Metaspace       used 10293K, capacity 10827K, committed 11136K, reserved 1058816K
  class space    used 1118K, capacity 1314K, committed 1408K, reserved 1048576K
}
Event: 9.952 GC heap before
{Heap before GC invocations=5 (full 0):
 garbage-first heap   total 258048K, used 84504K [0x0000000706000000, 0x0000000800000000)
  region size 1024K, 59 young (60416K), 6 survivors (6144K)
 Metaspace       used 10369K, capacity 10891K, committed 11136K, reserved 1058816K
  class space    used 1118K, capacity 1314K, committed 1408K, reserved 1048576K
}
Event: 9.954 GC heap after
{Heap after GC invocations=6 (full 0):
 garbage-first heap   total 258048K, used 25236K [0x0000000706000000, 0x0000000800000000)
  region size 1024K, 1 young (1024K), 1 survivors (1024K)
 Metaspace       used 10369K, capacity 10891K, committed 11136K, reserved 1058816K
  class space    used 1118K, capacity 1314K, committed 1408K, reserved 1048576K
}

Deoptimization events (20 events):
Event: 11.343 Thread 0x00007e7180015000 Uncommon trap: trap_request=0xffffffde fr.pc=0x00007e717018f4d4 relative=0x0000000000000e14
Event: 11.343 Thread 0x00007e7180015000 Uncommon trap: reason=class_check action=maybe_recompile pc=0x00007e717018f4d4 method=java.util.HashMap.putVal(ILjava/lang/Object;Ljava/lang/Object;ZZ)Ljava/lang/Object; @ 203 c2
Event: 11.343 Thread 0x00007e7180015000 DEOPT PACKING pc=0x00007e717018f4d4 sp=0x00007e7187a6d690
Event: 11.343 Thread 0x00007e7180015000 DEOPT UNPACKING pc=0x00007e7168649ea5 sp=0x00007e7187a6d5b0 mode 2
Event: 11.343 Thread 0x00007e7180015000 Uncommon trap: trap_request=0xffffffde fr.pc=0x00007e717018f4d4 relative=0x0000000000000e14
Event: 11.343 Thread 0x00007e7180015000 Uncommon trap: reason=class_check action=maybe_recompile pc=0x00007e717018f4d4 method=java.util.HashMap.putVal(ILjava/lang/Object;Ljava/lang/Object;ZZ)Ljava/lang/Object; @ 203 c2
Event: 11.343 Thread 0x00007e7180015000 DEOPT PACKING pc=0x00007e717018f4d4 sp=0x00007e7187a6d690
Event: 11.343 Thread 0x00007e7180015000 DEOPT UNPACKING pc=0x00007e7168649ea5 sp=0x00007e7187a6d5b0 mode 2
Event: 11.386 Thread 0x00007e7180015000 Uncommon trap: trap_request=0xffffffde fr.pc=0x00007e7170118c90 relative=0x0000000000000f70
Event: 11.386 Thread 0x00007e7180015000 Uncommon trap: reason=class_check action=maybe_recompile pc=0x00007e7170118c90 method=java.util.concurrent.ConcurrentHashMap.putVal(Ljava/lang/Object;Ljava/lang/Object;Z)Ljava/lang/Object; @ 159 c2
Event: 11.386 Thread 0x00007e7180015000 DEOPT PACKING pc=0x00007e7170118c90 sp=0x00007e7187a6c5a0
Event: 11.386 Thread 0x00007e7180015000 DEOPT UNPACKING pc=0x00007e7168649ea5 sp=0x00007e7187a6c520 mode 2
Event: 11.403 Thread 0x00007e718084c000 Uncommon trap: trap_request=0xffffffde fr.pc=0x00007e71701568ac relative=0x000000000000016c
Event: 11.403 Thread 0x00007e718084c000 Uncommon trap: reason=class_check action=maybe_recompile pc=0x00007e71701568ac method=java.util.concurrent.locks.AbstractQueuedSynchronizer.release(I)Z @ 2 c2
Event: 11.403 Thread 0x00007e718084c000 DEOPT PACKING pc=0x00007e71701568ac sp=0x00007e718407e820
Event: 11.403 Thread 0x00007e718084c000 DEOPT UNPACKING pc=0x00007e7168649ea5 sp=0x00007e718407e7e0 mode 2
Event: 11.403 Thread 0x00007e718084c000 Uncommon trap: trap_request=0xffffffde fr.pc=0x00007e71701568ac relative=0x000000000000016c
Event: 11.403 Thread 0x00007e718084c000 Uncommon trap: reason=class_check action=maybe_recompile pc=0x00007e71701568ac method=java.util.concurrent.locks.AbstractQueuedSynchronizer.release(I)Z @ 2 c2
Event: 11.403 Thread 0x00007e718084c000 DEOPT PACKING pc=0x00007e71701568ac sp=0x00007e718407e820
Event: 11.403 Thread 0x00007e718084c000 DEOPT UNPACKING pc=0x00007e7168649ea5 sp=0x00007e718407e7e0 mode 2

Classes redefined (0 events):
No events

Internal exceptions (20 events):
Event: 10.700 Thread 0x00007e7180015000 Exception <a 'java/lang/NoSuchMethodError'{0x0000000712d12938}: 'java.lang.Object java.lang.invoke.DirectMethodHandle$Holder.invokeStatic(java.lang.Object, java.lang.Object, java.lang.Object, int, int, java.lang.Object, java.lang.Object)'> (0x0000000712d12938) thrown at [./src/hotspot/share/interpreter/linkResolver.cpp, line 772]
Event: 10.701 Thread 0x00007e7180015000 Exception <a 'java/lang/NoSuchMethodError'{0x0000000712d1a400}: 'java.lang.Object java.lang.invoke.DirectMethodHandle$Holder.invokeStatic(java.lang.Object, java.lang.Object, java.lang.Object, int, int, java.lang.Object)'> (0x0000000712d1a400) thrown at [./src/hotspot/share/interpreter/linkResolver.cpp, line 772]
Event: 10.701 Thread 0x00007e7180015000 Exception <a 'java/lang/NoSuchMethodError'{0x0000000712d1de78}: 'java.lang.Object java.lang.invoke.DirectMethodHandle$Holder.invokeSpecial(java.lang.Object, java.lang.Object, java.lang.Object, java.lang.Object, int, int, java.lang.Object)'> (0x0000000712d1de78) thrown at [./src/hotspot/share/interpreter/linkResolver.cpp, line 772]
Event: 10.701 Thread 0x00007e7180015000 Exception <a 'java/lang/NoSuchMethodError'{0x0000000712d210f0}: 'java.lang.Object java.lang.invoke.Invokers$Holder.linkToTargetMethod(java.lang.Object, java.lang.Object, int, int, java.lang.Object, java.lang.Object)'> (0x0000000712d210f0) thrown at [./src/hotspot/share/interpreter/linkResolver.cpp, line 772]
Event: 10.765 Thread 0x00007e7180015000 Exception <a 'java/lang/NoSuchMethodError'{0x000000071241f5f8}: 'void java.lang.invoke.DirectMethodHandle$Holder.invokeStaticInit(java.lang.Object, java.lang.Object, java.lang.Object, java.lang.Object)'> (0x000000071241f5f8) thrown at [./src/hotspot/share/interpreter/linkResolver.cpp, line 772]
Event: 10.771 Thread 0x00007e7180015000 Exception <a 'java/lang/NoSuchMethodError'{0x00000007124a30f8}: 'int java.lang.invoke.DirectMethodHandle$Holder.invokeStaticInit(java.lang.Object, java.lang.Object, java.lang.Object)'> (0x00000007124a30f8) thrown at [./src/hotspot/share/interpreter/linkResolver.cpp, line 772]
Event: 10.833 Thread 0x00007e7180015000 Implicit null exception at 0x00007e71701a9c03 to 0x00007e71701aa118
Event: 10.833 Thread 0x00007e7180015000 Implicit null exception at 0x00007e71700f9584 to 0x00007e71700f9a90
Event: 11.206 Thread 0x00007e7180015000 Exception <a 'java/lang/NoSuchMethodError'{0x0000000711df1280}: 'java.lang.Object java.lang.invoke.DirectMethodHandle$Holder.invokeStatic(java.lang.Object, java.lang.Object, java.lang.Object, java.lang.Object, java.lang.Object, java.lang.Object, java.lang.Object, java.lang.Object, java.lang.Object, java.lang.Object, java.lang.Object, int)'> (0x0000000711df1280) thrown at [./src/hotspot/share/interpreter/linkResolver.cpp, line 772]
Event: 11.207 Thread 0x00007e7180015000 Exception <a 'java/lang/NoSuchMethodError'{0x0000000711c0f400}: 'java.lang.Object java.lang.invoke.DirectMethodHandle$Holder.invokeStatic(java.lang.Object, java.lang.Object, java.lang.Object, java.lang.Object, java.lang.Object, java.lang.Object, java.lang.Object, java.lang.Object, java.lang.Object, java.lang.Object, java.lang.Object, int, int)'> (0x0000000711c0f400) thrown at [./src/hotspot/share/interpreter/linkResolver.cpp, line 772]
Event: 11.208 Thread 0x00007e7180015000 Exception <a 'java/lang/NoSuchMethodError'{0x0000000711c2e190}: 'java.lang.Object java.lang.invoke.DirectMethodHandle$Holder.invokeStatic(java.lang.Object, java.lang.Object, java.lang.Object, java.lang.Object, java.lang.Object, java.lang.Object, java.lang.Object, java.lang.Object, java.lang.Object, java.lang.Object, java.lang.Object, int, int, java.lang.Object)'> (0x0000000711c2e190) thrown at [./src/hotspot/share/interpreter/linkResolver.cpp, line 772]
Event: 11.210 Thread 0x00007e7180015000 Exception <a 'java/lang/NoSuchMethodError'{0x0000000711c4e5a8}: 'java.lang.Object java.lang.invoke.DirectMethodHandle$Holder.invokeStatic(java.lang.Object, java.lang.Object, java.lang.Object, java.lang.Object, java.lang.Object, java.lang.Object, java.lang.Object, java.lang.Object, java.lang.Object, java.lang.Object, java.lang.Object, int, int, java.lang.Object, java.lang.Object)'> (0x0000000711c4e5a8) thrown at [./src/hotspot/share/interpreter/linkResolver.cpp, line 772]
Event: 11.304 Thread 0x00007e718051a800 Exception <a 'java/net/SocketTimeoutException'{0x0000000711c81968}: Read timed out> (0x0000000711c81968) thrown at [./src/hotspot/share/prims/jni.cpp, line 638]
Event: 11.318 Thread 0x00007e7180015000 Exception <a 'java/lang/NoSuchMethodError'{0x0000000711b41470}: 'java.lang.Object java.lang.invoke.DirectMethodHandle$Holder.invokeStatic(java.lang.Object, long, java.lang.Object, java.lang.Object)'> (0x0000000711b41470) thrown at [./src/hotspot/share/interpreter/linkResolver.cpp, line 772]
Event: 11.384 Thread 0x00007e7180015000 Exception <a 'java/lang/NoClassDefFoundError'{0x00000007113131b8}: com/sun/jna/Platform> (0x00000007113131b8) thrown at [./src/hotspot/share/classfile/systemDictionary.cpp, line 219]
Event: 11.396 Thread 0x00007e7180015000 Exception <a 'java/lang/NoSuchMethodError'{0x00000007113bd018}: 'java.lang.Object java.lang.invoke.DirectMethodHandle$Holder.invokeStaticInit(java.lang.Object, java.lang.Object, long, java.lang.Object)'> (0x00000007113bd018) thrown at [./src/hotspot/share/interpreter/linkResolver.cpp, line 772]
Event: 11.397 Thread 0x00007e7180015000 Exception <a 'java/lang/NoSuchMethodError'{0x00000007113c92a8}: 'java.lang.Object java.lang.invoke.Invokers$Holder.linkToTargetMethod(java.lang.Object, long, java.lang.Object)'> (0x00000007113c92a8) thrown at [./src/hotspot/share/interpreter/linkResolver.cpp, line 772]
Event: 11.400 Thread 0x00007e7180015000 Exception <a 'java/lang/NoSuchMethodError'{0x00000007113d0240}: 'java.lang.Object java.lang.invoke.DirectMethodHandle$Holder.invokeStatic(java.lang.Object, java.lang.Object, java.lang.Object, int)'> (0x00000007113d0240) thrown at [./src/hotspot/share/interpreter/linkResolver.cpp, line 772]
Event: 11.400 Thread 0x00007e7180015000 Exception <a 'java/lang/NoSuchMethodError'{0x00000007113d3eb0}: 'java.lang.Object java.lang.invoke.DirectMethodHandle$Holder.invokeSpecial(java.lang.Object, java.lang.Object, java.lang.Object, java.lang.Object, int)'> (0x00000007113d3eb0) thrown at [./src/hotspot/share/interpreter/linkResolver.cpp, line 772]
Event: 11.400 Thread 0x00007e7180015000 Exception <a 'java/lang/NoSuchMethodError'{0x00000007113d71c0}: 'java.lang.Object java.lang.invoke.Invokers$Holder.linkToTargetMethod(java.lang.Object, java.lang.Object, int, java.lang.Object)'> (0x00000007113d71c0) thrown at [./src/hotspot/share/interpreter/linkResolver.cpp, line 772]

Events (20 events):
Event: 11.402 loading class java/util/concurrent/ThreadPoolExecutor$Worker done
Event: 11.402 loading class java/lang/Thread$State
Event: 11.403 loading class java/lang/Thread$State done
Event: 11.403 Thread 0x00007e718084c000 Thread added: 0x00007e718084c000
Event: 11.403 Protecting memory [0x00007e718405e000,0x00007e7184062000] with protection modes 0
Event: 11.403 Executing VM operation: RevokeBias
Event: 11.403 Executing VM operation: RevokeBias done
Event: 11.403 loading class java/util/concurrent/CompletableFuture$UniHandle
Event: 11.403 loading class java/util/concurrent/CompletableFuture$UniCompletion
Event: 11.403 loading class java/util/concurrent/CompletableFuture$UniCompletion done
Event: 11.403 loading class java/util/concurrent/CompletableFuture$UniHandle done
Event: 11.403 loading class java/lang/ProcessBuilder$NullInputStream
Event: 11.403 loading class java/lang/ProcessBuilder$NullInputStream done
Event: 11.403 loading class java/lang/ProcessBuilder$NullOutputStream
Event: 11.403 loading class java/lang/ProcessBuilder$NullOutputStream done
Event: 11.403 loading class java/io/DeleteOnExitHook
Event: 11.403 loading class java/io/DeleteOnExitHook done
Event: 11.404 loading class java/io/DeleteOnExitHook$1
Event: 11.404 loading class java/io/DeleteOnExitHook$1 done
Event: 11.404 Loaded shared library /tmp/libjansi-64-3450832110998121415.so


Dynamic libraries:
706000000-715a00000 rw-p 00000000 00:00 0 
715a00000-7ffe00000 ---p 00000000 00:00 0 
7ffe00000-7ffe48000 rw-p 00b14000 00:2e 927332                           /usr/lib/jvm/java-11-openjdk-amd64/lib/server/classes.jsa
7ffe48000-7fff00000 rw-p 00000000 00:00 0 
7fff00000-7fff6c000 rw-p 00aa8000 00:2e 927332                           /usr/lib/jvm/java-11-openjdk-amd64/lib/server/classes.jsa
7fff6c000-800000000 rw-p 00000000 00:00 0 
800000000-800002000 rwxp 00001000 00:2e 927332                           /usr/lib/jvm/java-11-openjdk-amd64/lib/server/classes.jsa
800002000-8003ce000 rw-p 00003000 00:2e 927332                           /usr/lib/jvm/java-11-openjdk-amd64/lib/server/classes.jsa
8003ce000-800aa6000 r--p 003cf000 00:2e 927332                           /usr/lib/jvm/java-11-openjdk-amd64/lib/server/classes.jsa
800aa6000-800aa7000 rw-p 00aa7000 00:2e 927332                           /usr/lib/jvm/java-11-openjdk-amd64/lib/server/classes.jsa
840000000-840220000 rw-p 00000000 00:00 0 
840220000-880000000 ---p 00000000 00:00 0 
56117a354000-56117a355000 r--p 00000000 00:2e 927015                     /usr/lib/jvm/java-11-openjdk-amd64/bin/java
56117a355000-56117a356000 r-xp 00001000 00:2e 927015                     /usr/lib/jvm/java-11-openjdk-amd64/bin/java
56117a356000-56117a357000 r--p 00002000 00:2e 927015                     /usr/lib/jvm/java-11-openjdk-amd64/bin/java
56117a357000-56117a358000 r--p 00002000 00:2e 927015                     /usr/lib/jvm/java-11-openjdk-amd64/bin/java
56117a358000-56117a359000 rw-p 00003000 00:2e 927015                     /usr/lib/jvm/java-11-openjdk-amd64/bin/java
561190b24000-561190b45000 rw-p 00000000 00:00 0                          [heap]
7e70e0000000-7e70e0021000 rw-p 00000000 00:00 0 
7e70e0021000-7e70e4000000 ---p 00000000 00:00 0 
7e70e4000000-7e70e4021000 rw-p 00000000 00:00 0 
7e70e4021000-7e70e8000000 ---p 00000000 00:00 0 
7e70e9800000-7e70e9802000 r-xp 00000000 08:01 5243094                    /tmp/libjansi-64-3450832110998121415.so
7e70e9802000-7e70e9a01000 ---p 00002000 08:01 5243094                    /tmp/libjansi-64-3450832110998121415.so
7e70e9a01000-7e70e9a02000 rw-p 00001000 08:01 5243094                    /tmp/libjansi-64-3450832110998121415.so
7e70e9bcb000-7e70ec021000 rw-p 00000000 00:00 0 
7e70ec021000-7e70f0000000 ---p 00000000 00:00 0 
7e70f0000000-7e70f0021000 rw-p 00000000 00:00 0 
7e70f0021000-7e70f4000000 ---p 00000000 00:00 0 
7e70f4000000-7e70f4021000 rw-p 00000000 00:00 0 
7e70f4021000-7e70f8000000 ---p 00000000 00:00 0 
7e70f8000000-7e70f8021000 rw-p 00000000 00:00 0 
7e70f8021000-7e70fc000000 ---p 00000000 00:00 0 
7e70fc000000-7e70fc021000 rw-p 00000000 00:00 0 
7e70fc021000-7e7100000000 ---p 00000000 00:00 0 
7e7100000000-7e7100021000 rw-p 00000000 00:00 0 
7e7100021000-7e7104000000 ---p 00000000 00:00 0 
7e7104000000-7e7104021000 rw-p 00000000 00:00 0 
7e7104021000-7e7108000000 ---p 00000000 00:00 0 
7e7108000000-7e7108021000 rw-p 00000000 00:00 0 
7e7108021000-7e710c000000 ---p 00000000 00:00 0 
7e710c000000-7e710c021000 rw-p 00000000 00:00 0 
7e710c021000-7e7110000000 ---p 00000000 00:00 0 
7e7110000000-7e7110021000 rw-p 00000000 00:00 0 
7e7110021000-7e7114000000 ---p 00000000 00:00 0 
7e7114000000-7e7114021000 rw-p 00000000 00:00 0 
7e7114021000-7e7118000000 ---p 00000000 00:00 0 
7e7118000000-7e7118021000 rw-p 00000000 00:00 0 
7e7118021000-7e711c000000 ---p 00000000 00:00 0 
7e711c000000-7e711c021000 rw-p 00000000 00:00 0 
7e711c021000-7e7120000000 ---p 00000000 00:00 0 
7e7120000000-7e7120224000 rw-p 00000000 00:00 0 
7e7120224000-7e7124000000 ---p 00000000 00:00 0 
7e7124000000-7e7124021000 rw-p 00000000 00:00 0 
7e7124021000-7e7128000000 ---p 00000000 00:00 0 
7e7128000000-7e7128021000 rw-p 00000000 00:00 0 
7e7128021000-7e712c000000 ---p 00000000 00:00 0 
7e712c000000-7e712cb24000 rw-p 00000000 00:00 0 
7e712cb24000-7e7130000000 ---p 00000000 00:00 0 
7e7130000000-7e71302f1000 rw-p 00000000 00:00 0 
7e71302f1000-7e7134000000 ---p 00000000 00:00 0 
7e7134000000-7e7134021000 rw-p 00000000 00:00 0 
7e7134021000-7e7138000000 ---p 00000000 00:00 0 
7e7138000000-7e7138021000 rw-p 00000000 00:00 0 
7e7138021000-7e713c000000 ---p 00000000 00:00 0 
7e713c000000-7e713c021000 rw-p 00000000 00:00 0 
7e713c021000-7e7140000000 ---p 00000000 00:00 0 
7e7140000000-7e7140021000 rw-p 00000000 00:00 0 
7e7140021000-7e7144000000 ---p 00000000 00:00 0 
7e7144000000-7e7144021000 rw-p 00000000 00:00 0 
7e7144021000-7e7148000000 ---p 00000000 00:00 0 
7e7148000000-7e7148021000 rw-p 00000000 00:00 0 
7e7148021000-7e714c000000 ---p 00000000 00:00 0 
7e714c000000-7e714c021000 rw-p 00000000 00:00 0 
7e714c021000-7e7150000000 ---p 00000000 00:00 0 
7e7150000000-7e7150021000 rw-p 00000000 00:00 0 
7e7150021000-7e7154000000 ---p 00000000 00:00 0 
7e7154198000-7e7154500000 rw-p 00000000 00:00 0 
7e7154500000-7e7154600000 ---p 00000000 00:00 0 
7e7154600000-7e71547c0000 rw-p 00000000 00:00 0 
7e71547c0000-7e7154a00000 rw-p 00000000 00:00 0 
7e7154a00000-7e7154a04000 ---p 00000000 00:00 0 
7e7154a04000-7e7154b00000 rw-p 00000000 00:00 0 
7e7154b00000-7e7154b04000 ---p 00000000 00:00 0 
7e7154b04000-7e7154c00000 rw-p 00000000 00:00 0 
7e7154c00000-7e7154c04000 ---p 00000000 00:00 0 
7e7154c04000-7e7154d00000 rw-p 00000000 00:00 0 
7e7154d00000-7e7154d04000 ---p 00000000 00:00 0 
7e7154d04000-7e7154e00000 rw-p 00000000 00:00 0 
7e7154e00000-7e7154e04000 ---p 00000000 00:00 0 
7e7154e04000-7e7154f00000 rw-p 00000000 00:00 0 
7e7154f00000-7e7154f04000 ---p 00000000 00:00 0 
7e7154f04000-7e7155000000 rw-p 00000000 00:00 0 
7e7155000000-7e7155200000 rw-p 00000000 00:00 0 
7e71552a9000-7e71552ad000 ---p 00000000 00:00 0 
7e71552ad000-7e71553a9000 rw-p 00000000 00:00 0 
7e71553a9000-7e71553ad000 ---p 00000000 00:00 0 
7e71553ad000-7e71554a9000 rw-p 00000000 00:00 0 
7e71554a9000-7e71554ad000 ---p 00000000 00:00 0 
7e71554ad000-7e71555a9000 rw-p 00000000 00:00 0 
7e71555a9000-7e71555ad000 ---p 00000000 00:00 0 
7e71555ad000-7e71556a9000 rw-p 00000000 00:00 0 
7e71556a9000-7e71556ad000 ---p 00000000 00:00 0 
7e71556ad000-7e71557a9000 rw-p 00000000 00:00 0 
7e71557a9000-7e71557ad000 ---p 00000000 00:00 0 
7e71557ad000-7e71558a9000 rw-p 00000000 00:00 0 
7e71558a9000-7e71558ad000 ---p 00000000 00:00 0 
7e71558ad000-7e71559a9000 rw-p 00000000 00:00 0 
7e71559a9000-7e71559ad000 ---p 00000000 00:00 0 
7e71559ad000-7e7155aa9000 rw-p 00000000 00:00 0 
7e7155afe000-7e7155b02000 ---p 00000000 00:00 0 
7e7155b02000-7e7155bfe000 rw-p 00000000 00:00 0 
7e7155bfe000-7e7155c02000 ---p 00000000 00:00 0 
7e7155c02000-7e7155cfe000 rw-p 00000000 00:00 0 
7e7155cfe000-7e7155d02000 ---p 00000000 00:00 0 
7e7155d02000-7e7155dfe000 rw-p 00000000 00:00 0 
7e7155dfe000-7e7155dff000 ---p 00000000 00:00 0 
7e7155dff000-7e7155eff000 rw-p 00000000 00:00 0 
7e7155eff000-7e7155f00000 ---p 00000000 00:00 0 
7e7155f00000-7e7156000000 rw-p 00000000 00:00 0 
7e7156000000-7e7158021000 rw-p 00000000 00:00 0 
7e7158021000-7e715c000000 ---p 00000000 00:00 0 
7e715c0fe000-7e715c0ff000 ---p 00000000 00:00 0 
7e715c0ff000-7e715c1ff000 rw-p 00000000 00:00 0 
7e715c1ff000-7e715c200000 ---p 00000000 00:00 0 
7e715c200000-7e715c300000 rw-p 00000000 00:00 0 
7e715c300000-7e715c6e8000 rw-p 00000000 00:00 0 
7e715c6e8000-7e7160178000 ---p 00000000 00:00 0 
7e7160178000-7e7160568000 rw-p 00000000 00:00 0 
7e7160568000-7e7163ff8000 ---p 00000000 00:00 0 
7e7163ff8000-7e7164021000 rw-p 00000000 00:00 0 
7e7164021000-7e7168000000 ---p 00000000 00:00 0 
7e71680ff000-7e7168103000 ---p 00000000 00:00 0 
7e7168103000-7e71681ff000 rw-p 00000000 00:00 0 
7e71681ff000-7e7168203000 ---p 00000000 00:00 0 
7e7168203000-7e71682ff000 rw-p 00000000 00:00 0 
7e71682ff000-7e7168300000 ---p 00000000 00:00 0 
7e7168300000-7e7168400000 rw-p 00000000 00:00 0 
7e7168400000-7e7168404000 ---p 00000000 00:00 0 
7e7168404000-7e7168500000 rw-p 00000000 00:00 0 
7e7168500000-7e7168504000 ---p 00000000 00:00 0 
7e7168504000-7e7168600000 rw-p 00000000 00:00 0 
7e7168600000-7e7168870000 rwxp 00000000 00:00 0 
7e7168870000-7e7168b90000 ---p 00000000 00:00 0 
7e7168b90000-7e7169130000 rwxp 00000000 00:00 0 
7e7169130000-7e71700c8000 ---p 00000000 00:00 0 
7e71700c8000-7e7170338000 rwxp 00000000 00:00 0 
7e7170338000-7e7177600000 ---p 00000000 00:00 0 
7e71776af000-7e71776b3000 ---p 00000000 00:00 0 
7e71776b3000-7e71777af000 rw-p 00000000 00:00 0 
7e71777af000-7e7180000000 r--s 00000000 00:2e 927175                     /usr/lib/jvm/java-11-openjdk-amd64/lib/modules
7e7180000000-7e71809c4000 rw-p 00000000 00:00 0 
7e71809c4000-7e7184000000 ---p 00000000 00:00 0 
7e718405e000-7e7184062000 ---p 00000000 00:00 0 
7e7184062000-7e7184080000 rw-p 00000000 00:00 0 
7e7184080000-7e7184088000 r--p 00000000 00:2e 927171                     /usr/lib/jvm/java-11-openjdk-amd64/lib/libsunec.so
7e7184088000-7e71840a1000 r-xp 00008000 00:2e 927171                     /usr/lib/jvm/java-11-openjdk-amd64/lib/libsunec.so
7e71840a1000-7e71840ab000 r--p 00021000 00:2e 927171                     /usr/lib/jvm/java-11-openjdk-amd64/lib/libsunec.so
7e71840ab000-7e71840af000 r--p 0002b000 00:2e 927171                     /usr/lib/jvm/java-11-openjdk-amd64/lib/libsunec.so
7e71840af000-7e71840b1000 rw-p 0002f000 00:2e 927171                     /usr/lib/jvm/java-11-openjdk-amd64/lib/libsunec.so
7e71840b1000-7e71840b3000 r--p 00000000 00:2e 927163                     /usr/lib/jvm/java-11-openjdk-amd64/lib/libmanagement_ext.so
7e71840b3000-7e71840b6000 r-xp 00002000 00:2e 927163                     /usr/lib/jvm/java-11-openjdk-amd64/lib/libmanagement_ext.so
7e71840b6000-7e71840b8000 r--p 00005000 00:2e 927163                     /usr/lib/jvm/java-11-openjdk-amd64/lib/libmanagement_ext.so
7e71840b8000-7e71840b9000 r--p 00006000 00:2e 927163                     /usr/lib/jvm/java-11-openjdk-amd64/lib/libmanagement_ext.so
7e71840b9000-7e71840ba000 rw-p 00007000 00:2e 927163                     /usr/lib/jvm/java-11-openjdk-amd64/lib/libmanagement_ext.so
7e71840ba000-7e71840bc000 r--p 00000000 00:2e 927149                     /usr/lib/jvm/java-11-openjdk-amd64/lib/libinstrument.so
7e71840bc000-7e71840c2000 r-xp 00002000 00:2e 927149                     /usr/lib/jvm/java-11-openjdk-amd64/lib/libinstrument.so
7e71840c2000-7e71840c5000 r--p 00008000 00:2e 927149                     /usr/lib/jvm/java-11-openjdk-amd64/lib/libinstrument.so
7e71840c5000-7e71840c6000 r--p 0000a000 00:2e 927149                     /usr/lib/jvm/java-11-openjdk-amd64/lib/libinstrument.so
7e71840c6000-7e71840c7000 rw-p 0000b000 00:2e 927149                     /usr/lib/jvm/java-11-openjdk-amd64/lib/libinstrument.so
7e71840c7000-7e71840cb000 r--p 00000000 00:2e 927165                     /usr/lib/jvm/java-11-openjdk-amd64/lib/libnet.so
7e71840cb000-7e71840d9000 r-xp 00004000 00:2e 927165                     /usr/lib/jvm/java-11-openjdk-amd64/lib/libnet.so
7e71840d9000-7e71840dd000 r--p 00012000 00:2e 927165                     /usr/lib/jvm/java-11-openjdk-amd64/lib/libnet.so
7e71840dd000-7e71840de000 r--p 00015000 00:2e 927165                     /usr/lib/jvm/java-11-openjdk-amd64/lib/libnet.so
7e71840de000-7e71840df000 rw-p 00016000 00:2e 927165                     /usr/lib/jvm/java-11-openjdk-amd64/lib/libnet.so
7e71840df000-7e71840e3000 ---p 00000000 00:00 0 
7e71840e3000-7e71841df000 rw-p 00000000 00:00 0 
7e71841df000-7e71841e3000 ---p 00000000 00:00 0 
7e71841e3000-7e71842df000 rw-p 00000000 00:00 0 
7e71842df000-7e7184338000 r--p 00000000 00:2e 393770                     /usr/lib/locale/C.utf8/LC_CTYPE
7e7184338000-7e7184623000 r--p 00000000 00:2e 531685                     /usr/lib/locale/locale-archive
7e7184623000-7e7184627000 ---p 00000000 00:00 0 
7e7184627000-7e7184723000 rw-p 00000000 00:00 0 
7e7184723000-7e7184727000 ---p 00000000 00:00 0 
7e7184727000-7e7184823000 rw-p 00000000 00:00 0 
7e7184823000-7e7184824000 ---p 00000000 00:00 0 
7e7184824000-7e7184924000 rw-p 00000000 00:00 0 
7e7184924000-7e7185200000 rw-p 00000000 00:00 0 
7e7185200000-7e7185201000 r--p 00000000 00:2e 927147                     /usr/lib/jvm/java-11-openjdk-amd64/lib/libextnet.so
7e7185201000-7e7185202000 r-xp 00001000 00:2e 927147                     /usr/lib/jvm/java-11-openjdk-amd64/lib/libextnet.so
7e7185202000-7e7185203000 r--p 00002000 00:2e 927147                     /usr/lib/jvm/java-11-openjdk-amd64/lib/libextnet.so
7e7185203000-7e7185204000 r--p 00002000 00:2e 927147                     /usr/lib/jvm/java-11-openjdk-amd64/lib/libextnet.so
7e7185204000-7e7185205000 rw-p 00003000 00:2e 927147                     /usr/lib/jvm/java-11-openjdk-amd64/lib/libextnet.so
7e7185205000-7e7185208000 r--p 00000000 00:2e 927161                     /usr/lib/jvm/java-11-openjdk-amd64/lib/libmanagement.so
7e7185208000-7e7185209000 r-xp 00003000 00:2e 927161                     /usr/lib/jvm/java-11-openjdk-amd64/lib/libmanagement.so
7e7185209000-7e718520a000 r--p 00004000 00:2e 927161                     /usr/lib/jvm/java-11-openjdk-amd64/lib/libmanagement.so
7e718520a000-7e718520b000 r--p 00004000 00:2e 927161                     /usr/lib/jvm/java-11-openjdk-amd64/lib/libmanagement.so
7e718520b000-7e718520c000 rw-p 00005000 00:2e 927161                     /usr/lib/jvm/java-11-openjdk-amd64/lib/libmanagement.so
7e718520c000-7e7185213000 r--p 00000000 00:2e 927166                     /usr/lib/jvm/java-11-openjdk-amd64/lib/libnio.so
7e7185213000-7e718521b000 r-xp 00007000 00:2e 927166                     /usr/lib/jvm/java-11-openjdk-amd64/lib/libnio.so
7e718521b000-7e718521e000 r--p 0000f000 00:2e 927166                     /usr/lib/jvm/java-11-openjdk-amd64/lib/libnio.so
7e718521e000-7e718521f000 r--p 00011000 00:2e 927166                     /usr/lib/jvm/java-11-openjdk-amd64/lib/libnio.so
7e718521f000-7e7185220000 rw-p 00012000 00:2e 927166                     /usr/lib/jvm/java-11-openjdk-amd64/lib/libnio.so
7e7185220000-7e7185221000 r--p 00000000 00:2e 393777                     /usr/lib/locale/C.utf8/LC_NUMERIC
7e7185221000-7e7185222000 r--p 00000000 00:2e 393780                     /usr/lib/locale/C.utf8/LC_TIME
7e7185222000-7e7185223000 r--p 00000000 00:2e 393769                     /usr/lib/locale/C.utf8/LC_COLLATE
7e7185223000-7e7185224000 r--p 00000000 00:2e 393775                     /usr/lib/locale/C.utf8/LC_MONETARY
7e7185224000-7e7185225000 r--p 00000000 00:2e 393774                     /usr/lib/locale/C.utf8/LC_MESSAGES/SYS_LC_MESSAGES
7e7185225000-7e7185226000 r--p 00000000 00:2e 393778                     /usr/lib/locale/C.utf8/LC_PAPER
7e7185226000-7e718522d000 r--s 00000000 00:2e 394075                     /usr/lib/x86_64-linux-gnu/gconv/gconv-modules.cache
7e718522d000-7e718522e000 ---p 00000000 00:00 0 
7e718522e000-7e718532e000 rw-p 00000000 00:00 0 
7e718532e000-7e718532f000 ---p 00000000 00:00 0 
7e718532f000-7e718542f000 rw-p 00000000 00:00 0 
7e718542f000-7e7185833000 rw-p 00000000 00:00 0 
7e7185833000-7e7185834000 ---p 00000000 00:00 0 
7e7185834000-7e7185934000 rw-p 00000000 00:00 0 
7e7185934000-7e7185935000 ---p 00000000 00:00 0 
7e7185935000-7e7185a35000 rw-p 00000000 00:00 0 
7e7185a35000-7e7185b37000 rw-p 00000000 00:00 0 
7e7185b37000-7e7186289000 ---p 00000000 00:00 0 
7e7186289000-7e7186307000 rw-p 00000000 00:00 0 
7e7186307000-7e7186a59000 ---p 00000000 00:00 0 
7e7186a59000-7e7186ad7000 rw-p 00000000 00:00 0 
7e7186ad7000-7e7187229000 ---p 00000000 00:00 0 
7e7187229000-7e718762e000 rw-p 00000000 00:00 0 
7e718762e000-7e718762f000 ---p 00000000 00:00 0 
7e718762f000-7e718772f000 rw-p 00000000 00:00 0 
7e718772f000-7e7187734000 rw-p 00000000 00:00 0 
7e7187734000-7e718781a000 ---p 00000000 00:00 0 
7e718781a000-7e7187826000 rw-p 00000000 00:00 0 
7e7187826000-7e7187905000 ---p 00000000 00:00 0 
7e7187905000-7e718790a000 rw-p 00000000 00:00 0 
7e718790a000-7e7187911000 ---p 00000000 00:00 0 
7e7187911000-7e7187913000 r--p 00000000 00:2e 927174                     /usr/lib/jvm/java-11-openjdk-amd64/lib/libzip.so
7e7187913000-7e7187918000 r-xp 00002000 00:2e 927174                     /usr/lib/jvm/java-11-openjdk-amd64/lib/libzip.so
7e7187918000-7e718791a000 r--p 00007000 00:2e 927174                     /usr/lib/jvm/java-11-openjdk-amd64/lib/libzip.so
7e718791a000-7e718791b000 r--p 00008000 00:2e 927174                     /usr/lib/jvm/java-11-openjdk-amd64/lib/libzip.so
7e718791b000-7e718791c000 rw-p 00009000 00:2e 927174                     /usr/lib/jvm/java-11-openjdk-amd64/lib/libzip.so
7e718791c000-7e7187924000 rw-s 00000000 08:01 5243023                    /tmp/hsperfdata_codespace/13256
7e7187924000-7e7187926000 r--p 00000000 00:2e 927157                     /usr/lib/jvm/java-11-openjdk-amd64/lib/libjimage.so
7e7187926000-7e7187929000 r-xp 00002000 00:2e 927157                     /usr/lib/jvm/java-11-openjdk-amd64/lib/libjimage.so
7e7187929000-7e718792a000 r--p 00005000 00:2e 927157                     /usr/lib/jvm/java-11-openjdk-amd64/lib/libjimage.so
7e718792a000-7e718792b000 r--p 00006000 00:2e 927157                     /usr/lib/jvm/java-11-openjdk-amd64/lib/libjimage.so
7e718792b000-7e718792c000 rw-p 00007000 00:2e 927157                     /usr/lib/jvm/java-11-openjdk-amd64/lib/libjimage.so
7e718792c000-7e718793a000 r--p 00000000 00:2e 927154                     /usr/lib/jvm/java-11-openjdk-amd64/lib/libjava.so
7e718793a000-7e7187951000 r-xp 0000e000 00:2e 927154                     /usr/lib/jvm/java-11-openjdk-amd64/lib/libjava.so
7e7187951000-7e7187958000 r--p 00025000 00:2e 927154                     /usr/lib/jvm/java-11-openjdk-amd64/lib/libjava.so
7e7187958000-7e7187959000 r--p 0002b000 00:2e 927154                     /usr/lib/jvm/java-11-openjdk-amd64/lib/libjava.so
7e7187959000-7e718795a000 rw-p 0002c000 00:2e 927154                     /usr/lib/jvm/java-11-openjdk-amd64/lib/libjava.so
7e718795a000-7e718795b000 rw-p 00000000 00:00 0 
7e718795b000-7e7187960000 r--p 00000000 00:2e 927173                     /usr/lib/jvm/java-11-openjdk-amd64/lib/libverify.so
7e7187960000-7e7187968000 r-xp 00005000 00:2e 927173                     /usr/lib/jvm/java-11-openjdk-amd64/lib/libverify.so
7e7187968000-7e718796a000 r--p 0000d000 00:2e 927173                     /usr/lib/jvm/java-11-openjdk-amd64/lib/libverify.so
7e718796a000-7e718796c000 r--p 0000e000 00:2e 927173                     /usr/lib/jvm/java-11-openjdk-amd64/lib/libverify.so
7e718796c000-7e718796d000 rw-p 00010000 00:2e 927173                     /usr/lib/jvm/java-11-openjdk-amd64/lib/libverify.so
7e718796d000-7e718796e000 r--p 00000000 00:2e 394185                     /usr/lib/x86_64-linux-gnu/librt.so.1
7e718796e000-7e718796f000 r-xp 00001000 00:2e 394185                     /usr/lib/x86_64-linux-gnu/librt.so.1
7e718796f000-7e7187970000 r--p 00002000 00:2e 394185                     /usr/lib/x86_64-linux-gnu/librt.so.1
7e7187970000-7e7187971000 r--p 00002000 00:2e 394185                     /usr/lib/x86_64-linux-gnu/librt.so.1
7e7187971000-7e7187972000 rw-p 00003000 00:2e 394185                     /usr/lib/x86_64-linux-gnu/librt.so.1
7e7187972000-7e7187976000 ---p 00000000 00:00 0 
7e7187976000-7e7187a72000 rw-p 00000000 00:00 0 
7e7187a72000-7e7187a76000 r--p 00000000 00:2e 394129                     /usr/lib/x86_64-linux-gnu/libgcc_s.so.1
7e7187a76000-7e7187a9a000 r-xp 00004000 00:2e 394129                     /usr/lib/x86_64-linux-gnu/libgcc_s.so.1
7e7187a9a000-7e7187a9e000 r--p 00028000 00:2e 394129                     /usr/lib/x86_64-linux-gnu/libgcc_s.so.1
7e7187a9e000-7e7187a9f000 r--p 0002b000 00:2e 394129                     /usr/lib/x86_64-linux-gnu/libgcc_s.so.1
7e7187a9f000-7e7187aa0000 rw-p 0002c000 00:2e 394129                     /usr/lib/x86_64-linux-gnu/libgcc_s.so.1
7e7187aa0000-7e7187ab0000 r--p 00000000 00:2e 394146                     /usr/lib/x86_64-linux-gnu/libm.so.6
7e7187ab0000-7e7187b2f000 r-xp 00010000 00:2e 394146                     /usr/lib/x86_64-linux-gnu/libm.so.6
7e7187b2f000-7e7187b87000 r--p 0008f000 00:2e 394146                     /usr/lib/x86_64-linux-gnu/libm.so.6
7e7187b87000-7e7187b88000 r--p 000e7000 00:2e 394146                     /usr/lib/x86_64-linux-gnu/libm.so.6
7e7187b88000-7e7187b89000 rw-p 000e8000 00:2e 394146                     /usr/lib/x86_64-linux-gnu/libm.so.6
7e7187b89000-7e7187c26000 r--p 00000000 00:2e 394197                     /usr/lib/x86_64-linux-gnu/libstdc++.so.6.0.33
7e7187c26000-7e7187d6e000 r-xp 0009d000 00:2e 394197                     /usr/lib/x86_64-linux-gnu/libstdc++.so.6.0.33
7e7187d6e000-7e7187df5000 r--p 001e5000 00:2e 394197                     /usr/lib/x86_64-linux-gnu/libstdc++.so.6.0.33
7e7187df5000-7e7187e00000 r--p 0026b000 00:2e 394197                     /usr/lib/x86_64-linux-gnu/libstdc++.so.6.0.33
7e7187e00000-7e7187e03000 rw-p 00276000 00:2e 394197                     /usr/lib/x86_64-linux-gnu/libstdc++.so.6.0.33
7e7187e03000-7e7187e07000 rw-p 00000000 00:00 0 
7e7187e07000-7e718808a000 r--p 00000000 00:2e 927180                     /usr/lib/jvm/java-11-openjdk-amd64/lib/server/libjvm.so
7e718808a000-7e7188d3e000 r-xp 00283000 00:2e 927180                     /usr/lib/jvm/java-11-openjdk-amd64/lib/server/libjvm.so
7e7188d3e000-7e7188f98000 r--p 00f37000 00:2e 927180                     /usr/lib/jvm/java-11-openjdk-amd64/lib/server/libjvm.so
7e7188f98000-7e718905c000 r--p 01191000 00:2e 927180                     /usr/lib/jvm/java-11-openjdk-amd64/lib/server/libjvm.so
7e718905c000-7e7189097000 rw-p 01255000 00:2e 927180                     /usr/lib/jvm/java-11-openjdk-amd64/lib/server/libjvm.so
7e7189097000-7e71890f0000 rw-p 00000000 00:00 0 
7e71890f0000-7e7189118000 r--p 00000000 00:2e 394104                     /usr/lib/x86_64-linux-gnu/libc.so.6
7e7189118000-7e71892a0000 r-xp 00028000 00:2e 394104                     /usr/lib/x86_64-linux-gnu/libc.so.6
7e71892a0000-7e71892ef000 r--p 001b0000 00:2e 394104                     /usr/lib/x86_64-linux-gnu/libc.so.6
7e71892ef000-7e71892f3000 r--p 001fe000 00:2e 394104                     /usr/lib/x86_64-linux-gnu/libc.so.6
7e71892f3000-7e71892f5000 rw-p 00202000 00:2e 394104                     /usr/lib/x86_64-linux-gnu/libc.so.6
7e71892f5000-7e7189302000 rw-p 00000000 00:00 0 
7e7189302000-7e7189303000 r--p 00000000 00:2e 393776                     /usr/lib/locale/C.utf8/LC_NAME
7e7189303000-7e7189304000 r--p 00000000 00:2e 393768                     /usr/lib/locale/C.utf8/LC_ADDRESS
7e7189304000-7e7189305000 r--p 00000000 00:2e 393779                     /usr/lib/locale/C.utf8/LC_TELEPHONE
7e7189305000-7e7189306000 r--p 00000000 00:2e 393772                     /usr/lib/locale/C.utf8/LC_MEASUREMENT
7e7189306000-7e7189307000 r--p 00000000 00:2e 393771                     /usr/lib/locale/C.utf8/LC_IDENTIFICATION
7e7189307000-7e7189308000 ---p 00000000 00:00 0 
7e7189308000-7e7189309000 r--p 00000000 00:00 0 
7e7189309000-7e718930c000 r--p 00000000 00:2e 927139                     /usr/lib/jvm/java-11-openjdk-amd64/lib/jli/libjli.so
7e718930c000-7e7189316000 r-xp 00003000 00:2e 927139                     /usr/lib/jvm/java-11-openjdk-amd64/lib/jli/libjli.so
7e7189316000-7e7189319000 r--p 0000d000 00:2e 927139                     /usr/lib/jvm/java-11-openjdk-amd64/lib/jli/libjli.so
7e7189319000-7e718931a000 r--p 00010000 00:2e 927139                     /usr/lib/jvm/java-11-openjdk-amd64/lib/jli/libjli.so
7e718931a000-7e718931b000 rw-p 00011000 00:2e 927139                     /usr/lib/jvm/java-11-openjdk-amd64/lib/jli/libjli.so
7e718931b000-7e718931d000 r--p 00000000 08:01 5242951                    /tmp/_MEIRG1LLB/libz.so.1
7e718931d000-7e718932f000 r-xp 00002000 08:01 5242951                    /tmp/_MEIRG1LLB/libz.so.1
7e718932f000-7e7189335000 r--p 00014000 08:01 5242951                    /tmp/_MEIRG1LLB/libz.so.1
7e7189335000-7e7189336000 r--p 0001a000 08:01 5242951                    /tmp/_MEIRG1LLB/libz.so.1
7e7189336000-7e7189337000 rw-p 0001b000 08:01 5242951                    /tmp/_MEIRG1LLB/libz.so.1
7e7189337000-7e7189339000 rw-p 00000000 00:00 0 
7e7189339000-7e718933a000 r--p 00000000 00:2e 394084                     /usr/lib/x86_64-linux-gnu/ld-linux-x86-64.so.2
7e718933a000-7e7189365000 r-xp 00001000 00:2e 394084                     /usr/lib/x86_64-linux-gnu/ld-linux-x86-64.so.2
7e7189365000-7e718936f000 r--p 0002c000 00:2e 394084                     /usr/lib/x86_64-linux-gnu/ld-linux-x86-64.so.2
7e718936f000-7e7189371000 r--p 00036000 00:2e 394084                     /usr/lib/x86_64-linux-gnu/ld-linux-x86-64.so.2
7e7189371000-7e7189373000 rw-p 00038000 00:2e 394084                     /usr/lib/x86_64-linux-gnu/ld-linux-x86-64.so.2
7ffe5f227000-7ffe5f249000 rw-p 00000000 00:00 0                          [stack]
7ffe5f38c000-7ffe5f390000 r--p 00000000 00:00 0                          [vvar]
7ffe5f390000-7ffe5f392000 r-xp 00000000 00:00 0                          [vdso]
ffffffffff600000-ffffffffff601000 --xp 00000000 00:00 0                  [vsyscall]


VM Arguments:
java_command: mohist.jar --installServer
java_class_path (initial): mohist.jar
Launcher Type: SUN_STANDARD

[Global flags]
     intx CICompilerCount                          = 3                                         {product} {ergonomic}
     uint ConcGCThreads                            = 1                                         {product} {ergonomic}
     uint G1ConcRefinementThreads                  = 4                                         {product} {ergonomic}
   size_t G1HeapRegionSize                         = 1048576                                   {product} {ergonomic}
    uintx GCDrainStackTargetSize                   = 64                                        {product} {ergonomic}
   size_t InitialHeapSize                          = 262144000                                 {product} {ergonomic}
   size_t MarkStackSize                            = 4194304                                   {product} {ergonomic}
   size_t MaxHeapSize                              = 4194304000                                {product} {ergonomic}
   size_t MaxNewSize                               = 2516582400                                {product} {ergonomic}
   size_t MinHeapDeltaBytes                        = 1048576                                   {product} {ergonomic}
    uintx NonNMethodCodeHeapSize                   = 5830732                                {pd product} {ergonomic}
    uintx NonProfiledCodeHeapSize                  = 122913754                              {pd product} {ergonomic}
    uintx ProfiledCodeHeapSize                     = 122913754                              {pd product} {ergonomic}
    uintx ReservedCodeCacheSize                    = 251658240                              {pd product} {ergonomic}
     bool SegmentedCodeCache                       = true                                      {product} {ergonomic}
     bool UseCompressedClassPointers               = true                                 {lp64_product} {ergonomic}
     bool UseCompressedOops                        = true                                 {lp64_product} {ergonomic}
     bool UseG1GC                                  = true                                      {product} {ergonomic}

Logging:
Log output configuration:
 #0: stdout all=warning uptime,level,tags
 #1: stderr all=off uptime,level,tags

Environment Variables:
JAVA_HOME=/usr/local/sdkman/candidates/java/current
PATH=/usr/local/rvm/gems/ruby-3.4.7/bin:/usr/local/rvm/gems/ruby-3.4.7@global/bin:/usr/local/rvm/rubies/ruby-3.4.7/bin:/vscode/bin/linux-x64/994fd12f8d3a5aa16f17d42c041e5809167e845a/bin/remote-cli:/home/codespace/.local/bin:/home/codespace/.dotnet:/home/codespace/nvm/current/bin:/home/codespace/.php/current/bin:/home/codespace/.python/current/bin:/home/codespace/java/current/bin:/home/codespace/.ruby/current/bin:/home/codespace/.local/bin:/usr/local/python/current/bin:/usr/local/py-utils/bin:/usr/local/jupyter:/usr/local/oryx:/usr/local/go/bin:/go/bin:/usr/local/sdkman/bin:/usr/local/sdkman/candidates/java/current/bin:/usr/local/sdkman/candidates/gradle/current/bin:/usr/local/sdkman/candidates/maven/current/bin:/usr/local/sdkman/candidates/ant/current/bin:/usr/local/rvm/gems/default/bin:/usr/local/rvm/gems/default@global/bin:/usr/local/rvm/rubies/default/bin:/usr/local/share/rbenv/bin:/usr/local/php/current/bin:/opt/conda/bin:/usr/local/nvs:/usr/local/share/nvm/versions/node/v24.11.1/bin:/usr/local/hugo/bin:/usr/local/sbin:/usr/local/bin:/usr/sbin:/usr/bin:/sbin:/bin:/usr/share/dotnet:/home/codespace/.dotnet/tools:/usr/local/rvm/bin:/home/codespace/.vscode-remote/extensions/ms-python.debugpy-2025.18.0-linux-x64/bundled/scripts/noConfigScripts
LD_LIBRARY_PATH=/tmp/_MEIRG1LLB
SHELL=/bin/bash
LANG=C.UTF-8
TERM=xterm-256color

Signal Handlers:
SIGSEGV: [libjvm.so+0xec4440], sa_mask[0]=11111111011111111101111111111110, sa_flags=SA_RESTART|SA_SIGINFO
SIGBUS: [libjvm.so+0xec4440], sa_mask[0]=11111111011111111101111111111110, sa_flags=SA_RESTART|SA_SIGINFO
SIGFPE: [libjvm.so+0xec4440], sa_mask[0]=11111111011111111101111111111110, sa_flags=SA_RESTART|SA_SIGINFO
SIGPIPE: [libjvm.so+0xbff5e0], sa_mask[0]=11111111011111111101111111111110, sa_flags=SA_RESTART|SA_SIGINFO
SIGXFSZ: [libjvm.so+0xbff5e0], sa_mask[0]=11111111011111111101111111111110, sa_flags=SA_RESTART|SA_SIGINFO
SIGILL: [libjvm.so+0xec4440], sa_mask[0]=11111111011111111101111111111110, sa_flags=SA_RESTART|SA_SIGINFO
SIGUSR2: [libjvm.so+0xbff490], sa_mask[0]=00000000000000000000000000000000, sa_flags=SA_RESTART|SA_SIGINFO
SIGHUP: [libjvm.so+0xbffc40], sa_mask[0]=11111111011111111101111111111110, sa_flags=SA_RESTART|SA_SIGINFO
SIGINT: [libjvm.so+0xbffc40], sa_mask[0]=11111111011111111101111111111110, sa_flags=SA_RESTART|SA_SIGINFO
SIGTERM: [libjvm.so+0xbffc40], sa_mask[0]=11111111011111111101111111111110, sa_flags=SA_RESTART|SA_SIGINFO
SIGQUIT: [libjvm.so+0xbffc40], sa_mask[0]=11111111011111111101111111111110, sa_flags=SA_RESTART|SA_SIGINFO


---------------  S Y S T E M  ---------------

OS:DISTRIB_ID=Ubuntu
DISTRIB_RELEASE=24.04
DISTRIB_CODENAME=noble
DISTRIB_DESCRIPTION="Ubuntu 24.04.3 LTS"
uname:Linux 6.8.0-1030-azure #35~22.04.1-Ubuntu SMP Mon May 26 18:08:30 UTC 2025 x86_64
OS uptime: 0 days 0:21 hours
libc:glibc 2.39 NPTL 2.39 
rlimit (soft/hard): STACK 8192k/infinity , CORE infinity/infinity , NPROC infinity/infinity , NOFILE 1048576/1048576 , AS infinity/infinity , CPU infinity/infinity , DATA infinity/infinity , FSIZE infinity/infinity , MEMLOCK 8192k/8192k
load average:0.61 0.36 0.53

/proc/meminfo:
MemTotal:       16379888 kB
MemFree:          283288 kB
MemAvailable:   12952888 kB
Buffers:          160596 kB
Cached:         12453424 kB
SwapCached:            0 kB
Active:          4079228 kB
Inactive:       11253272 kB
Active(anon):    2779592 kB
Inactive(anon):    10368 kB
Active(file):    1299636 kB
Inactive(file): 11242904 kB
Unevictable:       30936 kB
Mlocked:           27864 kB
SwapTotal:             0 kB
SwapFree:              0 kB
Zswap:                 0 kB
Zswapped:              0 kB
Dirty:            162776 kB
Writeback:             0 kB
AnonPages:       2709600 kB
Mapped:           644452 kB
Shmem:             62276 kB
KReclaimable:     472988 kB
Slab:             597824 kB
SReclaimable:     472988 kB
SUnreclaim:       124836 kB
KernelStack:        8704 kB
PageTables:        36512 kB
SecPageTables:         0 kB
NFS_Unstable:          0 kB
Bounce:                0 kB
WritebackTmp:          0 kB
CommitLimit:     8189944 kB
Committed_AS:    4452376 kB
VmallocTotal:   34359738367 kB
VmallocUsed:       41260 kB
VmallocChunk:          0 kB
Percpu:             2416 kB
HardwareCorrupted:     0 kB
AnonHugePages:   1286144 kB
ShmemHugePages:        0 kB
ShmemPmdMapped:        0 kB
FileHugePages:         0 kB
FilePmdMapped:         0 kB
Unaccepted:            0 kB
HugePages_Total:       0
HugePages_Free:        0
HugePages_Rsvd:        0
HugePages_Surp:        0
Hugepagesize:       2048 kB
Hugetlb:               0 kB
DirectMap4k:      139200 kB
DirectMap2M:     8249344 kB
DirectMap1G:    10485760 kB

/sys/kernel/mm/transparent_hugepage/enabled:
[always] madvise never
/sys/kernel/mm/transparent_hugepage/defrag (defrag/compaction efforts parameter):
always defer defer+madvise [madvise] never

Process Memory:
Virtual Size: 7896060K (peak: 15599132K)
Resident Set Size: 289360K (peak: 289360K) (anon: 259072K, file: 30288K, shmem: 0K)
Swapped out: 0K
C-Heap outstanding allocations: 66232K, retained: 12483K
glibc malloc tunables: (default)

/proc/sys/kernel/threads-max (system-wide limit on the number of threads):
127908
/proc/sys/vm/max_map_count (maximum number of memory map areas a process may have):
65530
/proc/sys/kernel/pid_max (system-wide limit on number of process identifiers):
4194304

container (cgroup) information:
container_type: cgroupv2
cpu_cpuset_cpus: not supported
cpu_memory_nodes: not supported
active_processor_count: 4
cpu_quota: no quota
cpu_period: 100000
cpu_shares: no shares
memory_limit_in_bytes: unlimited
memory_and_swap_limit_in_bytes: unlimited
memory_soft_limit_in_bytes: unlimited
memory_usage_in_bytes: 4709472 k
memory_max_usage_in_bytes: not supported
memory_swap_current_in_bytes: unlimited
memory_swap_max_limit_in_bytes: unlimited
maximum number of tasks: unlimited
current number of tasks: 148

Hyper-V virtualization detected
Steal ticks since vm start: 0
Steal ticks percentage since vm start:  0.000

CPU:total 4 (initial active 4) (16 cores per cpu, 2 threads per core) family 25 model 1 stepping 1 microcode 0xffffffff, cmov, cx8, fxsr, mmx, sse, sse2, sse3, ssse3, sse4.1, sse4.2, popcnt, avx, avx2, aes, clmul, erms, mmxext, 3dnowpref, lzcnt, sse4a, ht, tsc, tscinvbit, tscinv, bmi1, bmi2, adx, sha, fma
CPU Model and flags from /proc/cpuinfo:
model name	: AMD EPYC 7763 64-Core Processor
flags		: fpu vme de pse tsc msr pae mce cx8 apic sep mtrr pge mca cmov pat pse36 clflush mmx fxsr sse sse2 ht syscall nx mmxext fxsr_opt pdpe1gb rdtscp lm constant_tsc rep_good nopl tsc_reliable nonstop_tsc cpuid extd_apicid aperfmperf tsc_known_freq pni pclmulqdq ssse3 fma cx16 pcid sse4_1 sse4_2 movbe popcnt aes xsave avx f16c rdrand hypervisor lahf_lm cmp_legacy svm cr8_legacy abm sse4a misalignsse 3dnowprefetch osvw topoext vmmcall fsgsbase bmi1 avx2 smep bmi2 erms invpcid rdseed adx smap clflushopt clwb sha_ni xsaveopt xsavec xgetbv1 xsaves user_shstk clzero xsaveerptr rdpru arat npt nrip_save tsc_scale vmcb_clean flushbyasid decodeassists pausefilter pfthreshold v_vmsave_vmload umip vaes vpclmulqdq rdpid fsrm
Online cpus:
0-3
Offline cpus:

BIOS frequency limitation:
<Not Available>
Frequency switch latency (ns):
<Not Available>
Available cpu frequencies:
<Not Available>
Current governor:
<Not Available>
Core performance/turbo boost:
<Not Available>

Memory: 4k page, physical 16379888k(283288k free), swap 0k(0k free)

vm_info: OpenJDK 64-Bit Server VM (11.0.29+7-post-Ubuntu-1ubuntu124.04) for linux-amd64 JRE (11.0.29+7-post-Ubuntu-1ubuntu124.04), built on Oct 24 2025 07:09:43 by "unknown" with gcc 13.3.0

END.
